8060927622
6999718728
6257617532
6615405845
7105954072
7092482094
7770300905
7466833652
7136606781
8014939740
7227020535
7351258473
8336311034
7047336943
1228663361
7760754893
581190853
481519105
780865452
6161038879
8212234297
7523857569
5435720413
8528252806
8457822108
8001925457
7747200162
6440039667
8469855184
1805615458
7596711829
7138575726
7007437705
965277644
6873088155
1468384910
8516841142
7988968886
7417453072
6993982914
7725331035
7904181527
8162221382
6782183411
6515899270
7351200756
6210791475
7169206681
8014613616
7355826131
852049986
1352769035
6711367440
8484846823
804243487
722972618
8262037515
5605952915
7183242761
7191629724
5948609969
7442868309
8408462513
6613463011
1622757019
8093183863
7751531702
7757688354
7576808510
8262311704
7458897551
5503648785
7221385429
7966328921
8199370528
7904406333
7576877818
8551003831
1545578790
6980035142
7686550490
8338578533
8020832703
7325501277
7299390976
6914649447
7360694961
8382217622
6813842997
7437314009
7584584207
7404147286
6466182256
6046379402
7093283474
7914288593
7395053755
7407643352
7476052044
7510405683
8067452363
8260377672
7574414029
8341659887
2125782598
6283720892
7180835138
7081865516
7348998491
7646742292
6534931588
7475552832
7580564073
7324050631
5662391653
8134032349
7271732270
7408959457
7444353267
8203952417
5547572002
5928120563
8351134612
7969414111
7620569539
960534025
1029130158
5208660490
7009184756
8133860696
7930566333
7663840385
6284139441
8135742550
7951653631
8083985289
7074082903
7393524967
7690469333
7245514883
5615172651
7663808366
8141893015
5860514205
7229158926
7178781179
5851796070
8709292210
5112522052
8475940726
7253741495
7275885262
6625490627
8154364487
7067488069
7051603404
7854743472
6942242846
934156137
7809813775
8406525916
501788933
7092539092
7267530235
319350531
7974171134
7403513732
7420900319
7566051307
7247861149
1109694332
6572284810
8095016677
6915391636
7610740774
7563179220
5972129574
8232393777
8003846060
308255720
7188832499
6815628231
8000623551
8539780805
8173724180
7879782720
7338965372
7835248867
8034412732
8404787891
7566370547
7837625842
5994044862
8345287976
6732639796
7193718360
7643470698
6989617634
7196792278
8075804879
7924764244
7393768859
6096295078
7582518965
7943830976
736071103
6899693345
7338011408
872826987
7107813980
7458821991
7427552479
7158639239
5433778379
7515023399
7811560516
7988294387
6891388096
8211751149
7248406758
8113512762
7615941666
1137231116
7218808849
5867636774
7981532968
7766008932
8375022289
7523215388
7450859381
7666671779
7759593914
6241576343
7602268166
8171056177
7294163929
8386316249
7572278342
8121563649
7457983289
2122520217
7685899324
6304535740
6365452660
7251318525
8411605399
8379136628
6707225132
7172902487
8026255264
8262103266
7537771275
5870618146
6914633427
620626197
1715099189
2135117196
862349345
452755408
7147710695
7966815768
5650031073
7055605974
6755177636
8332247038
1905853173
8270267841
8388905499
8207320894
7410972369
7339593880
8050584653
8582601152
7147569489
1078042596
7157102161
8014874411
7307449434
8493974815
7148621272
8004958261
7633905112
7206073916
1102981348
7927222863
6925774028
7916292704
7557056296
6885588298
5469546284
5626336102
7848615144
5972812237
6759841889
8397770243
8372188836
7283249708
8289169878
6356080756
6799718583
7257106688
8156847969
6113673927
1267823701
7595745962
258023219
8256787021
6376449333
7373620833
8446836993
6684764752
6963461521
8261595797
6713737988
6449573610
6966747384
7913374586
8066896799
282149642
8484099359
7878369273
6517558332
6992597536
8031950640
7339811061
6004380466
6617618046
8002397666
8024318909
5974190090
6550249993
7059904944
6549628668
7678960435
8355316520
6863473204
7976521320
7769548880
7384720493
7389197873
5155079637
7963645175
7414147284
6575634129
7990278336
7281775240
7010965940
5235506952
6268125835
136730615
6148606763
299726676
7035041425
7600472520
7143814229
6178223166
8495509611
7200909929
7645443111
7682402045
7920922755
8440375715
8331469408
7895292629
8339114798
6948595588
7682539981
7141115869
695245018
7517210272
8703053957
7580975476
7235559599
6069672217
5190198895
8089286892
7318291711
7575681982
7181599655
7798474360
5071832777
6913110398
7260078388
6421356221
7638715453
7555243996
1892591594
8075699497
8222431846
7908590368
7305971489
7897570003
7747604381
7145368248
7526121793
7127814340
7417574387
6450267257
7068023775
6191274785
7632995013
7170964801
7079026289
7847579638
7209673002
7389685629
8065741801
7980027798
5987015088
350058685
6257833988
7893145649
7840829778
7170052313
7922408245
7588228916
8244029702
7773283846
8099847867
7286222523
8456777063
900623320
7151770820
7355459892
7607045943
8474441550
7459502335
7488045116
5283495046
8056821607
1644373143
5444007322
7973081767
7592089562
8084821011
7629492281
8213057373
7098837195
7107380281
7051333576
1982014895
8030876420
7449213460
7286241678
7570399589
6436387121
7039399842
1444244613
8247503704
7781823832
7249765580
7321103111
6321426801
1462072707
258029532
6949302636
8289059891
7078022224
6960835605
6322804984
7268003842
7904086111
446443734
8287223795
7869705445
8085235261
8201442405
7051904219
8070652954
2093851611
6551362573
7960780100
8275297784
7648331153
7656122811
7612892093
6811477539
7247322866
7808064687
8216036207
7165881784
1860899996
7946938961
8420762045
7197128301
6355387758
7470236609
6731245306
1769982209
7081873965
8275334867
7221580762
8445529394
6346500879
6426393733
7500112227
7449592478
8059399456
5836386816
8258839527
7448659288
8551459489
8168185694
5252902865
2064749981
7389784619
7630873540
6362695376
7308982349
8042451888
7367542610
7407995600
6846739714
7726398645
7085445721
6474239183
7063765624
8496053313
7498058507
8050165137
6419145428
8356851481
1376635528
8423737359
7472526107
8247340177
7098610608
7723513912
556283243
7227665065
7510718484
7083245007
7402384616
7935311824
7982307427
8076287867
6915222387
7132122050
7889665038
7009030186
8062986472
7544040634
7538364642
7504552398
7229917349
7715864572
5795365920
8322020384
8440708078
6232594367
8459805164
7378841657
6915348329
6173649475
7573034411
8297209929
8499248259
6115710791
7412889009
8138674412
8623572521
7245061074
6373498442
7277966652
7577035551
7701727713
7406730723
7076338137
7986736493
7332004226
7099402180
7922930420
7102579932
5516279388
7099388235
6723204528
6577006897
8240049608
7318219378
7555049844
6506053754
7615902054
7364146207
8267161323
8188458913
7566629427
7203924302
6779963433
7553543282
6054269807
7614895836
7233840020
7021444129
8403759639
7648796487
8370171089
7282341887
8544005513
1259719688
5920130575
7242942727
8289449983
8053146051
5756568432
7255645022
8162127573
7228198598
8272488614
7452179630
7612217674
1888191726
8349339964
7418542860
7630288514
8172722435
6095742359
1495009991
8009518754
7586112755
7441495382
7941835387
7283581102
7238786811
7705882985
8276668871
7498353369
7824371298
6811453364
7127149244
7349322969
8231555096
8531571312
6569702339
7738580422
7322346268
384086039
8476093633
6275927759
7637726951
770942071
7494509051
7874252809
417823003
717927825
7243635227
6618852083
7995392580
7033988457
6911247921
8044779298
8066728603
7746715844
1602233876
7165811079
6465235397
5605549375
7225015969
8194756933
7451968477
8347687062
7366624872
6607900048
6647332758
8263786806
6297760260
1291586258
7518493015
8207246303
6388941547
7354451309
6358728068
7585884464
7477983366
7995815443
6999365362
6051961660
7558254461
221113360
6644822732
7793396538
7252055163
8056966792
1798153708
705216460
6955973140
6668278763
6992180805
7706827406
7321282611
8279117067
5990448359
7084188550
2095580588
7958690506
8471300788
8141798250
5998972218
1644487165
7134052642
1466967672
7174715768
6506677522
8397683002
6666461388
7535105495
7733103920
6407375574
8249706197
8049405212
5481892277
6634233311
8089028603
1362281233
6937571459
7902834990
6480574342
7358334590
6013437003
7307017324
6320319779
7391222352
7246482173
6439553158
339888380
5044317913
7658917980
962664705
6842531936
7747841389
7574293947
8132350911
1364571641
8386829027
7382820780
1117623104
1785904058
8038158130
1174227194
6736604048
2018542066
6684527684
5969208758
7773764944
7723934183
6261465959
7354205349
1883468897
7808053217
7080109694
7756558543
8478231239
7909819915
8348992002
7732488025
6888703679
6228269388
8127904981
7139856466
5496690850
7084664004
8047899157
7792294906
7710177535
7579593154
7187198684
8244920769
7237074433
8584937787
8129516233
7713039280
7324203352
2076965271
5750310138
7838317201
6791550177
7948652663
7808877114
6838741287
8176390778
8349886154
6074579969
8024500171
7879358106
1104699784
7322829241
5578216255
7968283192
8475314746
8117992848
2048988343
6798261660
5820902578
5294346740
7630499249
7480027789
8256138250
7710330771
8304675584
6584730646
6380470801
7798146837
6252490605
8084497650
6475954289
6681183963
8363618794
370418829
8047469119
6072745225
7883396528
7616371330
7207709757
7413350109
7840361454
7414750114
6379594387
7887236539
7763453855
8463215414
8351771926
6208947520
7255155046
6573495090
8369544557
8273609562
8085933720
8489897639
8465728935
8152640350
7675103329
7793087182
7826929845
7010404919
7428421702
7323127295
7553150725
7921509172
7221961881
8276065547
8126471352
7017308909
7176187218
8380563660
7257002446
7352452618
6574171409
7547643020
1251383899
7138119234
5347313927
7107758506
6896441426
7985312710
8474505555
6926548623
5578733161
7162157949
5112800782
6420556540
6730495951
8475018447
7142321916
8173756938
7587353469
6658573612
7423329699
7109466089
7908850605
6852258754
7135629266
7260333181
312783492
7385840352
7562113227
860409052
7954272970
7201105406
6357124541
6702465517
5459872702
8494768880
8555865945
7266852284
7981360443
152496444
7888459209
8113622778
8185103627
910231170
8116830669
6618346947
380289314
7367681223
6600012870
7670845438
7795606829
8058108113
8039032049
6803775351
7159203731
1918163977
7580459950
8362533229
1319547977
7036376307
6300391331
7221395211
8079163274
809374308
6715189190
8071992239
8218067759
7768076678
7667963613
6418258224
8190769802
6960608737
8034989011
6867805485
7790684139
7963477514
7359270383
7633973940
7937766964
6300421497
6652424288
7253772692
520713930
8203085956
7443890879
8006793876
6095070854
8323179906
7239210811
7390808227
5844026278
6722822545
576286786
6030668881
6764278031
5277833841
7237508640
8743872661
7281494234
6130386583
7710619810
8568043698
8584206324
7581747895
6357004715
5696352328
1730703597
1567041874
6204351205
7508655482
7250645728
8020834029
7761722880
7746892699
8387762841
7989989053
5169236240
6866759285
7030741768
6774216289
5971667729
8111162061
7386613584
133769748
8492301281
7235319609
7633287641
7187645264
6028469748
8146283914
889261524
339722837
7936855523
7499386673
6465249217
7322133201
7866369184
6473892484
8250177822
8084803688
7507729967
7110569302
5427495917
7124190367
8504748123
8373241071
1031175073
1910952538
8058431300
7060730319
2084381013
8290466404
5332268720
6235358798
7617616991
7405299470
1955588739
7923731663
7069569631
7449922509
8418401288
761979756
7448885585
7226462241
6445147352
8367358679
7671952864
8148501625
5289330381
8413407330
8149079466
8283003698
7565142199
8402292891
8265784989
5016523592
7271743143
8069911052
7148422407
7357784390
7624925544
6906952279
6963638065
7412354573
7623348925
7414201568
1928091251
7405370066
7301526226
7309871673
7797080172
418906218
886564327
7528569184
7376514834
7398579051
142585251
6823034117
7261526908
7400117952
7147554660
7500181754
6142206359
603395709
7528461930
5991887587
7262441311
7968205604
7473890878
1077610179
7744229983
1446157349
7608212422
7763367020
474673689
7828053394
8330219038
7029674208
889726388
6338775026
7436055956
7499558767
8168285754
8233661416
8468759751
6042087511
5860219642
6837437845
7223694976
7310941002
7534194008
8211413592
7766376167
7182986283
8130633358
7382216377
6136002294
773092388
7032219747
6695941595
6259409026
6774096467
6677513141
1278627265
7117619628
6285718305
7299755484
6718697582
6406217014
8127754284
7597490954
8222401106
6649314849
7362458203
7595174684
6876974004
7376065918
6476678173
7232822203
7533922360
5802495061
7418930268
6159636392
7804769962
5307594809
7682038963
7150132529
8356555602
7080527784
7745986817
6742855569
5267871360
8481852847
8263875227
7752014875
1576850102
7643459904
8319825433
8071709054
6859909432
8024481760
787630762
7681591020
7043478082
7462160930
6526986771
7040183428
8214009622
5535011572
6251536650
6732111372
6999730160
7153545479
5946526632
7695247102
259096596
7200996961
8020422860
7828871854
7119793531
7371798747
5101790664
8261345320
7834404726
8327315949
6895071427
6772851102
1054309765
1937523101
7554311923
5902121205
5336107994
7062624869
838781969
8347736445
6925588645
7739270213
8221945786
115230208
6290293133
6211729518
7180387244
6079984523
7684960401
5509039235
6416202378
6689421611
1444750241
8429295129
1626688336
8414304635
7254061676
7111345721
6347441069
7232602090
7159853617
7136604766
6450524835
8544566169
6405635426
402762745
7936824684
8198107334
7692207196
8149949208
6361773078
6989947627
6583571230
7783163566
1169195612
6966776473
7679350936
8308787376
2114239802
2067836899
7624346723
6998258293
7144294757
6686513183
8076487271
7137844075
7825813865
7744621057
7662032395
5750823474
1656253009
5775521058
1929303580
7549214503
5480601100
939729767
7266745172
1091161914
7271377093
8366756347
7225590233
7193665846
7329530717
1236817249
7612978452
6951255492
7762592678
5853004106
8110639541
8270372961
8334380992
6805787627
7245297298
7500716743
7709517059
5241542851
8492975944
8261134189
528181758
8129149017
7135773656
7721529795
8258680106
6482039948
7262211832
5081917688
7186229572
8485489852
7764744954
6744279408
7046968242
7686883095
5864683030
7611551889
7170132537
8244593797
6483790981
8334499964
7218300849
6915079862
7166250849
8054106205
6744843167
6439878363
166064593
6708717565
7140884631
6537445828
7866849026
5391074794
7985330865
8220481908
6535813487
652400465
7871632964
7181076597
8463618197
8245788564
6390936015
1159950714
7015857680
7912876171
6435523400
5872108272
6621810577
8438259196
7890099078
6983325676
8112167478
7309305359
8419404175
7577372787
381347972
7165592695
7593629402
7215002607
1918941478
6463044491
8304631951
8293378913
7232805805
7365342147
6284133727
7974246916
7976125775
7809356541
7708290979
1627743168
6123040215
7324196524
7712147560
8235048432
7558458432
8017884717
5010706131
8393504003
7224917997
5575604158
6935556272
7950411219
6568940691
8475087938
8190190145
6376785587
930426328
8457945176
8289503319
6288296831
8475091596
6329190226
7448370408
6612832988
7481949679
6723392007
6751819349
7145585210
7579970128
7783156485
7635171998
7519315096
5293140399
6999134371
8315526784
8179931482
6982912456
8470969396
1877213655
8050589522
7103646500
7871278112
8386787563
7078835220
7248751265
6765414295
6892474237
6196656899
7004391809
6335343279
6978321084
8577505056
7804368348
8019620236
7033674717
7392670159
6703622418
1167845850
6769112052
7062223807
7096312306
7018936822
1304527256
8348490381
6200588211
6679933324
7348115589
6407268506
8172108476
6765390895
7167471664
5578631681
6472567766
7619603604
6875301576
7037813843
7179112378
7453456190
8012675432
7078291722
6261366560
7991992358
7550477041
8459955115
7965028758
7741840088
7087140378
7777441108
1572695722
8124232049
7471164433
2068267152
7579733491
5739442700
8360958020
7086063787
6731418264
7230018882
5782064898
8486191982
6094375646
8340193047
8010234329
8034976833
5667808398
8019442908
7827891837
7327202848
7130184364
8156246485
416671346
7739228627
5600509837
7341759163
5195099354
7258429677
7563452182
1003170088
6795789103
7937003991
7940750591
7647392275
7698691242
7990684864
8266816811
6413179175
6810393206
349156454
7203139556
7645353654
7937504383
8338968934
7819259551
6565251933
6033630701
8398755349
111474084
7273090344
6648289686
5430745517
7878784447
7244282146
7844033426
8158294262
7030777160
8413785831
6142512696
6806697367
7213105345
7085365373
8197907152
7146328878
8082371216
7177501021
7121261097
7485059943
8011605796
7136190824
6885258796
711803507
7136199789
1612446396
6567259923
6382189680
7442227200
7043071965
7317943701
7578174705
7747817589
6749165968
8097578037
7421730141
7597274571
7961888999
1549503934
7284511025
7200221044
6987576294
8390443188
8427189599
7125778367
7626179544
8459628944
8146588349
7165609683
7562267173
7055437029
7480174641
8129589246
5583858481
7742580574
6349378928
8594858789
8204340913
7606649979
6995298188
8402700587
6717530572
8184462431
8325833578
7680798258
7810171003
6626124149
944801439
8252683999
1832021429
8386347516
7162900329
6430999447
7365337629
2112621835
1911379420
6898974625
8051384335
1090455044
5654560979
7739461576
8279775765
7021778051
271928931
7431634296
8204554880
5804210639
7485547522
7623392762
8145179295
7474320537
7852100580
6896080980
7695798588
7949814295
8489691980
7537293958
7551357193
7082336372
7574333432
7901282310
8495267217
7154763190
7616473712
6362672824
7137051690
8198213862
7145068875
7204822427
6507199116
6431254228
6957385970
8278608659
8281576888
8361299140
8385597896
1387850357
1960209182
7498150701
8290816240
5035196809
7468264390
308501033
7226266826
8077774449
6185917040
2130579613
1063072322
8541004583
6850071252
7894641223
7340663395
2068775346
8134690451
7126900291
7761927443
8605954994
6744421733
7086962617
7651925344
7491964644
8456863317
8459669183
6018952744
7981527222
5904702256
7668633683
7129533368
902168972
7133500090
762950089
7755526726
7029292994
7210833155
8026405723
8049126545
7593023439
6795609717
7593008804
7670174322
1190083741
8371938272
6646524110
7216241450
8168089249
1089981732
7165833543
7324426810
8432715905
7014354608
82246641
662187496
7352031198
7223242655
7491325624
5237107322
7449492267
7197424309
6689586143
7888841117
8282737500
8435155088
7484939632
8182035060
7459179501
693994090
8308751484
7629137793
7221034610
414862364
8247868187
6087152273
7282950283
7035518894
7711893935
5373810025
5395023791
7211239109
696893276
7740723175
7525432589
690486471
734552128
5763089867
850117044
6994676050
7099163648
7761537540
7408622078
6229176429
8464581814
8431463444
8232106112
8113689267
7399249986
8454766763
711315508
7445115499
7092202475
7723153218
8336635313
6561341777
7612744558
7087314209
7405436522
7634011900
7721763206
7279063637
7961436190
7366303931
6687238379
46076529
8468567582
7695007337
8335835597
5140813182
7254048683
7488273873
7317321479
6438946201
7821775123
7189991243
7027417078
8539539970
1861628583
7572284689
7853024899
7995025012
6933707227
7430646724
8210199921
6780984503
8341870480
5734235869
7144293429
5830272954
6154992563
7256497533
8408569204
7784902880
664610135
7024677728
7735470432
6910852263
6935184075
7351837759
7903256941
8126273433
7205482647
7149468229
7023551294
8033331110
7948876824
8473465836
8328551563
6975535516
8009596495
7348182288
8461088411
8295523473
8478409992
7910428256
6850487437
7962097226
1001785887
6043782624
7477442244
7298755219
6681069428
6471150302
7061593954
6094388129
8190478925
7348166527
8298030891
7909134105
7196369349
1732169087
8382317731
7201447429
7069678036
5004253598
5726302072
7637339409
8618003889
7910195651
8301212048
7521610687
6423399910
6874164397
390115258
6616068088
8046522781
5985850922
7554802145
6868912228
755335784
8382427869
8377092905
7869673448
7303711396
6592020578
7474893514
1963015477
577303504
8443150180
7496535159
8140959409
7403861071
7620658619
7704346184
7327838920
5259388725
7877963738
6513696097
8458613826
8218444180
7766039979
7547764985
7188480013
8378068229
7091828183
5452655444
8288352887
7883974034
6520331389
7132400393
8152465059
8209629620
7791383519
7086348938
6982721283
6046434570
788201713
7608883219
7783833560
8002945269
8297927364
6812126275
7378488039
8731326625
6936293868
6163095730
569567291
7962458821
7230980495
7081978742
6351584716
175939565
7913428408
7879467566
8010055060
7069910273
7250094800
6633953275
7402055831
7198520016
8080434841
2124209827
7018000997
7201422453
6760162089
5875908731
991835768
5396207268
7870501354
7253424016
8643969921
916422198
6623338743
1588285711
7647138812
6902226142
7141817645
6942953226
8343231299
5465916120
7044621663
8468405299
7022011253
7829406580
1875568133
7900764563
7898611870
7039752720
8108834502
8491865004
7996174498
8219403142
6385126886
8007442871
5207460284
7084138430
6660725016
7768974875
8069449613
7911751312
7985086165
7155788966
5880671828
7548072818
7345688563
625637691
6915902893
7160970413
6405016787
748794237
8157385740
7649702582
7849362309
7956891475
2052629936
7202301134
8484144619
7673918039
6402280548
5002832895
7928571413
7768015782
8184196828
6365421621
8387674310
6912786384
8001364474
6237458630
8003344143
6342441470
7525074716
7679793170
7617642038
6278201759
8255608853
7165298802
7763872689
7611266487
6874197107
8632852289
5136378770
6989712843
8774055802
7301394555
7821131066
7372828145
8396241511
5890649899
8090788933
7985555973
8444236627
7591584548
7728862394
7211891730
8160702526
6903968791
7615900599
5306147557
6983656304
7084662308
475230862
8351829094
7210916330
8138502239
6433520712
7682573043
7296079641
7496191479
8077393957
408937926
7013367744
8441585218
8134866628
8149017285
7164783010
7244535206
75018514
7618283600
748741897
7171404351
7932617698
7134442006
7507389580
7475754784
8296996692
7879209144
791532760
1251169805
7101000396
7096783649
7656642718
8034595817
7914933460
8208436967
7293206992
7240748172
6705142942
8307651473
7671649620
8113987898
1270401701
8135103526
6400378819
8291592548
7566634952
7834243633
8353791051
8405175459
7619570645
7520284441
225358624
8173650917
5624095697
7837265101
8046426367
7184670418
8129161638
7746732279
7131707429
7843103505
8440038976
5665538504
8176941627
8138157700
7558775372
5021572122
8194376010
7408038001
8065938648
8280264365
7071543437
6944892441
6102829147
6742885041
8492531230
1084800020
7012657832
7432653207
7493103517
8304884169
6754466993
6386824856
7381571827
7477736647
8238416406
6933155021
7431135983
7210059142
8176144765
364387871
7223771289
8243794398
8233785189
7637772239
5600493253
579587958
8001107938
5280228720
7719483448
6865010956
7199293447
8328130878
6460027972
8526005253
8670056971
7398485693
7233508091
8154997630
7577112629
8457054294
8166438746
6858223662
7497971145
8049601811
7182924329
8229812656
8384869232
6280485720
7460012700
6805177643
1068130039
7825625512
8093065389
6343961158
6481550224
8630877264
6978842283
6860475245
7625640175
6941221723
7937317780
6084010322
7248203662
8344564715
8760922432
7810752966
7719719035
1864933253
7807874729
1873877818
7708913069
8063455677
7720793916
8396692621
8440726572
8013035331
7380148066
6725630400
8241384516
5943810733
7809288671
8393991583
7610512696
8284352324
7530710991
6991252151
8370986452
5983751743
7963433392
7192085088
6620451157
7159878460
8322078625
7301828074
8006782105
7703601406
8259011916
8445985477
8165554732
777159542
8418950818
6054470391
1721452910
7478735614
5857639435
7554915410
7237463300
6906479190
7052875677
7336408124
8186796527
7820669175
5971572128
7224788715
7423472159
6318695774
7490222806
6704583871
7084664593
7176431599
7076023736
1314348013
7775916040
7052445970
8486614242
8262052863
490626706
8433025202
7065721024
8195239119
7107694998
1541727907
8496051326
7505309027
7213407288
7745609173
7984944130
7463966568
8032232399
7545459926
8240799389
7855544595
986285373
7073771352
6965768683
7906825060
8223474120
402503136
8427037431
7039854651
8022808771
8124641799
8170097566
8013019512
7605299051
6488062590
7281695282
7961476412
7836951113
8079815099
7685611033
6818375409
6456135810
7415078770
8590081299
8450991085
7098769326
7764557113
7581379786
6794519913
6750241256
6423207265
7770024464
7338211686
6582320222
7640365749
7412261458
7155480823
8195062896
831239785
8032722715
8168296311
8364278528
8122891094
1320168249
6959189912
5791443125
1798356310
6901933495
8534758293
7475096189
8422795621
8014533098
7016220209
7878453003
8223403831
704316190
7518199993
7803829761
8306742862
7214971375
7740494391
438665164
7556929343
7188756111
6235997193
7893422013
6680365814
7535030736
7553373601
8483913501
7660943085
6972043234
7245361134
6395302951
6294980186
6557881611
7936286262
8153919548
8237870181
8031104039
8178183857
7472756257
1084147821
8027822495
6869795586
7162631450
7450326504
1036328132
8264364409
7231237778
6427111162
7448214749
7470143219
8237746920
6482558364
5812727261
8436070135
443770521
200958851
8064894074
8313235820
2124711909
1729633590
8392236170
7009539336
7699939131
7798075885
7049745561
8546232037
8136984205
6420703244
7825068365
8080330386
7427705208
6959022947
7187944172
1398358269
8473386880
674720829
1751968504
7781132208
7267171727
6089819507
8475871895
1329170641
6198498757
8345309743
8030733309
8566422971
7268189823
7528620579
7622056280
8474539981
6381916079
7562234887
8106833213
7902659657
396913033
8470288371
6173283842
7280689073
8081730430
7090347427
6683638483
5490343733
5543414435
7406635028
581445854
1418408676
993175190
1598427328
6419774355
1728220902
8488516923
8115631951
7059549062
1990076865
7274995385
6353855096
7448473818
7558494901
8335646935
7592796633
7605761938
6896379091
8207151382
7848655312
8198000123
7989271109
7644377910
8433901137
6813518184
1642098634
7701973782
7606096386
357492505
8177490078
7085059398
7361285052
7947323720
8284618080
7959873506
7656297151
8169545284
7261476425
7645285538
7629029554
7472812960
2069623091
6108100457
8188331645
6025740754
7471906537
7103903209
5244328413
1582037522
8174845655
5132831414
7858084078
8287045488
5070664798
7549279180
6161662055
5277659905
8245563461
8303203053
5076121948
7894335063
875398702
6767844406
6470904469
6045982995
6484087590
1515593470
6786354143
7070835774
771567785
8177630293
7293947762
8335733689
8258762860
6821521569
7777660412
5658995020
989641320
513499187
7282426538
6329713001
7743695696
6011017187
7989340177
8182695048
7216299393
8373457704
7413169247
7386817562
8374338036
8135752926
5631902321
7821048742
6538481516
1904669082
7286458624
7919867252
7253591313
7242444698
7752100655
7363393227
8353942080
7663874479
7487069249
8171831814
6728502144
8006809828
8003322265
8286486453
5536453652
7698426080
7579506386
7859279467
7682887111
5351855996
1016698488
6985286371
7042659068
96809899
6923075965
8508024736
8156523473
7632414452
7213999826
8270669522
859693892
8344098937
7442843699
7343530453
8059072514
7552377071
8154238792
8094209002
8277088953
8515167971
7666225276
1774932485
7658475322
8390809638
7426880403
7090653213
8087107347
7704489917
8112958805
6033788802
7134733602
6848812236
365863981
7064751526
8206204958
6476460773
8365606568
959448225
7280300797
7407988908
7503733938
8535434669
7046598755
6789526815
5325221796
1202878632
7739244661
7203779357
6066782217
7108452600
7337889512
7012923220
338249511
6369462599
5092212791
7735487986
5397002719
8319677026
8155063185
1232488702
8150494895
7311488048
8320052052
1463502043
8246621071
5306234781
6822518332
7801112291
8344395102
7847564488
7103439264
7766886358
1367522669
7004951353
8333558254
7286672993
7008852841
8242986183
7366399993
8674038111
8344395011
405175721
7538946250
8692999460
8246697818
7922293693
8484295464
8145753176
1003536506
7373713731
8308224339
7937698489
8412106270
8169499557
7416574983
7501052013
6992675919
6560932070
5903020733
7092755479
7337368412
7339956579
5717229403
1323082880
7280838318
678885516
7342928139
7501914261
7060311804
756414111
8135859985
7186307721
5609008422
1067143438
6382797098
6773259071
7100349159
8028526184
1905822520
7743701251
8388209455
7726235788
6401513573
8150077516
7721611675
6051461682
6047169710
6931796803
7423087672
8444835927
8351795836
8429368989
8492525457
7481950298
8227765458
7411821517
8445480251
7080584480
7082435337
8381549677
158015108
7579983873
1416966849
8464310978
7107792864
6673044249
8010721256
8499273474
8243134177
7705049113
7035226845
6755972227
7691802072
6922614068
1242187413
7376030486
7578138893
7390284037
7633907119
368701896
7575983538
7514952695
1936073700
6671358685
7105656131
7324737359
7464053528
6824949644
625756686
5756477160
7962532136
7518133854
8430978192
7910324102
6446513426
7444008061
7595277864
7277832869
6726375532
1540400321
7888998724
7381354589
6371598141
7795963545
6528211609
7420136646
7880338645
7298430525
8600668828
7818304617
8287637265
7752110478
8487834733
8077554281
8509228813
8262362227
6673163036
7181311487
7900143897
8232455873
5540169386
5535319514
643435163
6472261139
7859424634
7188847707
7888482820
7313928785
7315352619
7632735622
6443761722
7266948123
7348691024
6720982885
6791825384
6422511765
5953849515
6390974953
6817925896
7402421279
5170646480
6972292810
7862487418
7613353137
6913929249
5864618357
6689240844
7620908982
481054045
430337905
8161755608
7631809598
5322114707
5245548559
5909183318
8060360807
7053004332
8306917259
1280451501
7676368353
7539694155
8228030450
7862062452
7876400964
6976707107
7999107602
8278912159
7182975916
7741551485
7865515726
8095643730
1092802409
7278398129
8224980481
7333006391
5915123803
8278633322
351379006
6841821615
8332972360
6396911514
7316273783
6434641192
6584971312
7064533038
8475271165
339611871
7433251807
7638093778
7445475394
6882184091
6529355475
7238682327
7778336214
8325184459
8400323642
8401408583
8177529429
7860564495
7969395104
8431892035
7181141803
7137395946
6663426181
8307631549
5997617855
8379596599
7731453153
476511974
7816444708
8394545724
1636387489
5783303922
8314149296
7149405124
7959609714
5873831700
7899716980
7347200933
7061790041
8126377736
7697522849
7165491103
7832786010
6306101480
6461987760
8452006974
8263662111
7734308465
7256821800
7925914633
7179470952
7747834083
7306686899
8116121580
7286494989
8383947732
7431588016
7208246783
7487133339
5551207138
7732883536
8225609231
6141408373
7833453227
8025578063
6932367187
581036480
6083143429
7778842027
7490463401
7905493398
8234723676
6995495691
7333245599
6759119350
7618069187
7059169761
7581638649
6074696039
7059676407
7043552090
7206372259
7927987767
596628634
7664716773
7646182459
8237503907
8050932118
8050145489
746223228
7391238382
8469368580
8286907938
7200120773
7459743103
365044859
7554420227
8078583588
8322592608
6762128856
7357808457
6736076638
7791467844
6971344736
6345698304
5576034776
8471637784
7298842979
1978123137
7564386684
1986098489
8194849479
1006154386
7353632890
7521104206
8215014209
8321005011
7277585558
8066305002
7816913328
8628679712
7217144638
347835605
6646321964
7201534657
6127176824
8529858068
228640971
7435300647
673706682
7770218202
8142419087
8486010341
7047496266
7680403645
6694928054
1187335832
1710229360
2043341628
1504289053
7251924234
520607128
7601051630
6779126330
8209208828
7795337425
5405871240
6527392647
7744094401
7678987676
7954338193
1889119982
6405420428
8105181461
8262218162
7395351910
8439476305
7359264673
7232167846
6907366061
6074926253
7499596535
5550023384
8374777733
8040640234
7109980570
5961282397
7202296188
8120341832
7369768768
8491314185
7924618420
7397769109
8459770716
8391707734
8169576447
8389346133
8442552311
7703449650
8224625713
7214771974
7567964613
8167804160
7649569186
7033129964
7041953169
6458160447
7355161516
8299212063
8178129470
8355754178
7904660632
7625618601
6910576597
7384914713
1284640837
7643580137
8500142141
6089708200
6347565348
7675903721
8425537556
8491398208
1351408854
6717001020
7108378107
6762342198
8159317416
8482643405
8170611473
5371892505
7948138158
6567830046
7784153217
7870900971
6814201786
417441171
6088078424
878142845
7540026552
1777726272
7175660392
1215523416
8419871022
7488708761
7788746495
5363491300
7134042456
7425318583
7796591905
7182007346
7760507536
8380413996
6132594189
7355967218
7902597192
7075176114
6008747715
6716125955
5286999069
7934239270
8211071794
7478592880
8519971582
340839259
6134623399
1070621583
8076941600
7693775928
8476624378
7819657362
1544305976
6751626532
7344574384
8250243751
6519870348
6271782592
8016101846
8259768211
6485499262
6020452719
8212824142
7204646046
7547696590
7156011973
6425134055
7288955856
5761042981
8025882274
7158242409
8093267768
8385931131
7157370816
7577953140
8326653880
6764927172
7511385109
8212601972
1326948528
8436122861
8170331268
7026494115
7931918246
7392971405
7668031259
606162160
7153156771
6236431327
7578141500
7387525005
7756265403
1667008641
7089035098
8395302285
7609121993
7074290418
8287865404
7907534504
7100907282
5738798855
8078851381
7340677166
7671773415
7536606510
8493675416
7862602455
7751216914
7434765074
7116460982
7114310572
7772913175
5252079626
7998722941
8128070644
7177397734
7868116548
7618823858
8101799801
8431292211
927471273
6740387051
6957906969
1082943535
8209130602
6947355319
7840228371
7242604589
8463758565
6772497244
7618564725
7933607087
8039746571
7944583191
7211823172
533165596
5720716192
7470824211
7247680208
7460504438
7357347542
6525890300
7470663273
6617138839
1688120084
8433176012
5184714282
7982893014
8785500369
8064449535
5806278690
7585912344
6354254197
6789478453
7791381489
8383282371
7053473043
7133547100
8132266108
7412862525
7156059275
7024195820
2013442125
7423185540
7092735563
8084256579
7050038036
7482682218
7667311382
5355014512
7124658452
8119548053
8300540990
7295972591
7216630463
7352229845
7171122524
6770867568
7006844127
8388541756
6054868114
7696783605
8116277039
7231781879
7075708280
6882838863
1015685005
8247595522
8380144950
8382040777
7428962206
6058226845
8174271963
7019094013
7874963844
7075982493
7294195579
7434976297
6892723809
7476480905
7844647792
8372686409
7860024298
1009094002
7052282210
8271853901
7460551602
8163612708
6832505509
6736514655
8495209956
8274998628
7382033695
1311137501
8500862099
8119591052
6176990885
8491291807
1696030137
8553449436
7644979610
6122066733
8239144043
6891836073
1689721452
7895948153
7178591721
8141035307
5816079478
7719406493
5910376622
7016080999
7865601944
5369184768
8492228178
6788415115
5393805024
8173478531
7788575633
7530517707
1417938262
7334994655
7711177529
8499327134
6099900614
7892717602
8591215888
7041607916
5466938744
7281746653
7037446442
5200911859
7383838761
7798058602
8098846717
5559430330
8516257752
6556209918
5282502018
7219280134
6585572230
647728600
7421727290
5118679766
6080205049
8015039531
6806978268
7666932664
7767348505
6115723223
8377385747
8412386579
6160584550
439908627
7131132305
8397898567
7484000601
8187409449
6665986185
6435328765
7332061135
7477525882
7889925812
302886415
5235992038
6432442867
6011659962
7555984659
7348878192
7133421726
7935287054
5999625915
7518631507
1268535381
6478635452
7923544793
7672504102
980966844
5962221412
7606402430
8405974296
8316437196
6746901109
8140166843
7706566195
7793203400
7440887042
6820265965
8321621701
6045548807
7036730751
7402191120
8166404358
8001055458
8426460819
6326939471
476425820
7625493061
1683669725
8295296705
606470129
8196758286
8483654017
1406136073
7361005226
1682992786
7128414671
6366983766
7851014046
7324324539
1556436623
7198816361
5839410599
8527250778
1307572322
8145955778
6009153232
7652741479
7277477164
8013770161
6477846663
6481089883
6920774212
8299036112
7634685537
8197191299
6373953993
7782374860
7579405808
8405052583
6276349109
6949001916
7147873272
7089777093
1187444875
8032890528
8274896762
7656888380
7410356165
7333630660
7359183994
7773709991
6465508206
7370565252
7302622148
7130026745
871402137
6958250884
8292883945
7938753295
1758466672
7437318995
7276343311
833524299
7886448880
6850021970
7588072010
8556602770
7469881031
8030682176
6017214991
6707730116
6907809493
7050973823
7686494429
6444260682
8157588087
7079423309
8436235803
7203226073
7508512155
8046921263
8388362294
7464905610
7189745461
8469444783
8055955844
7984088621
8304039519
6171173446
8060042049
6435166585
7779958295
7303006118
7208643001
6833528744
8408949550
8218426749
1245014922
7804102766
7302692275
7819276801
7986430655
7969105202
161728024
6327563516
7823878397
7633148365
7831138133
6654436114
6436305544
7702225825
7819995996
8161477271
6330817706
855737733
8387274866
7922273878
6095649095
7234912572
8264436229
8300928778
7189348749
8434393356
6377998830
7355827664
1139039913
7262077090
6398737436
8645248871
7225539614
8374297885
6526080778
239247513
6475071290
6379270331
7880489265
89504187
6598890982
6173751401
6054264064
8073438486
6689167420
6440387148
7451337957
6977529870
7514041593
6262825764
6891283587
6965785941
7143882486
7016466361
6983242789
848012809
5795514828
7006139043
242076019
1564672228
7040079658
6926502193
7593587782
7199036364
5519337014
7493078258
7401929957
934197268
7622249778
7329865954
7552090954
8304283243
8435784979
8265443371
7743911250
7103250709
7539294934
6799383928
7634071213
7877815951
7055973009
6731845064
7688443145
6671106541
7110332839
7842852494
8098166282
7223261898
8273644448
8403120224
7596840703
6933987343
8358724620
604135887
8158377333
6473307321
7925137561
6251445188
7436827715
7717640469
745403143
8318115047
7033413025
6601964020
8367665075
7362107236
7517490081
7325053760
6663489964
5972568585
1705489403
6955012007
6466357991
6490382188
7156339291
5991540132
8044404249
2021717789
2001486451
7955789296
8098135433
8044505057
8059744766
8429793932
8319275086
7659415530
7820416508
7539273930
7281920016
7319177415
7039728764
7003347732
8216044532
785490634
6576488116
7640155034
1643505035
6782620641
7164493455
7046805912
6337355912
1857871430
7946114729
8269087887
7126384871
8413569841
8738948832
7298015094
6475109739
7493802163
767027003
7205797075
6830312140
1308291464
8443810802
7507385819
8244547110
8024665821
8485810778
7594860054
7539031691
6759505325
8231201719
6729011464
6476679401
6705050433
5356816275
7666418344
7417295355
7911419473
7576924947
7046165502
2136804852
8268329695
8282579546
8082555065
6570035074
8039591429
1561591772
7293456402
7530317689
8132421296
1316362927
7232633652
5384530965
7731873359
6593433220
1120100012
7667391758
8200113780
7628951995
6847747912
7347233760
7961970012
8029672035
6220502293
7113001167
1626376680
6642589802
7877197843
7261907312
7281471267
5180894922
6911943660
1368655609
7031610046
8052111292
5636080526
6088755916
7035380469
8446463213
6967224583
7573095512
8017041909
7671457556
7981483540
5588787839
1636966273
7160039511
116393531
8345106584
7030641530
8491680261
7673975726
1706962578
8431921938
8250858005
6836792834
8193859529
8089547222
7577993282
8090755399
7280822514
8259671681
6821158333
8083120583
8388839073
6112588547
6592414904
7173971709
7599135756
8229950539
7246464865
8399497440
7460164675
8031252452
7282630982
8262093433
7698485371
6734925640
8342755656
8350732505
7011528714
7477390814
7128998673
6599779339
8244582269
6485689214
8216981784
7688290563
7012244685
8343042625
7519028918
7063642309
7948329229
8472287496
6870354241
7468173549
295614432
7351947456
5370810654
1133409769
7620327248
7560360
944831537
7554687384
8452552715
7465005705
6710366382
8369941807
8409819195
7039864017
7521631909
7261990790
1532571565
8231742123
7945735768
7297978278
6391425117
8440781217
7421580540
7939395539
6973343326
8291723275
7684037573
7817536914
7677289862
7437116537
8237562287
7018959896
7363142183
7947162900
1420830130
6973398907
5776737105
7972109630
6729189986
6803986715
6870692258
7927136702
7544894051
6942719539
5804176877
7236247780
2054666800
6557128121
8222864640
8361661477
8345646063
6734243053
6608619704
7148435001
6772028531
7852297413
8025173094
6220365006
7334300202
6681477458
8318520194
6533483060
8328590956
7310430833
6996496897
8174282602
8106295385
7626299289
6766015069
7273671692
8104063193
1860825924
8305933198
7266978211
7917849159
7748106663
7528833805
8142409651
7370111044
7483968670
6160397186
2126381919
7137428536
7695787471
6032385876
8428999249
7494913431
5164233889
8182957071
7987038952
8385674879
7336675117
7350405293
6219648654
8429573113
5845660522
8215386724
8506196357
7828720265
1241845410
7942850644
8126376153
7086320141
8382849330
7608888276
7477582464
5139687243
7945969921
5001936348
7167871711
7557251520
7461435926
7209209837
8467350764
7514667225
6254776809
8303280253
8268185904
8404336933
7185568279
7857173818
7638222453
1662234561
6661894107
8455184491
7395812492
7206140891
1659734649
6777010993
8241849892
1859678451
7528888069
8482433360
6987138791
8212356489
8241310137
7367519882
7930532588
7251714226
7229534009
7501272834
7404372676
6303315093
8139580923
7857851168
7535611048
6477413232
7110601095
7682911835
8122291830
8141432711
6786299822
7789872176
6637860258
7713219697
6598471893
6847201951
7343758304
7575175005
7618244039
8150447888
6806457535
5320245524
1802857039
7730984514
7579893825
8260292546
7721651867
7240934177
8172673972
7729204382
8151486783
8328021735
1268084140
8268738853
8105091746
1623600060
7100610252
7303761996
5315575843
613022220
7044174638
6933293077
6344375135
7433271590
7556350930
7421569802
6165955044
7934780420
7646306844
7453318260
6369304869
7011738536
5111158421
8003895674
6780317275
7319751936
5084879367
8443696868
7760176583
8232047295
8010982303
8253504477
8051427012
7611074129
5924980706
7381044882
7166395738
8479629982
7911620740
7847461644
8071673830
7019011910
7485412809
7066164665
6992082799
7037416747
1387076790
8180203103
7659038889
7291721456
5973568439
7913335681
8281952714
6116203936
8459526303
7191980911
7320300497
5805852669
7904531734
7091035327
1629024128
7318417110
7763240641
7205459301
6765058777
6827846162
7746205079
7002575064
6205493704
7014755295
7621917162
7677855595
6747969506
5060253788
6971408931
5108208818
7892600135
7258438847
8412625594
1886086654
6929283041
993359093
7727469785
6623583603
8355935482
6636651497
8402331303
7314712395
8470478851
7693427954
6986453113
7066530877
7818604824
8379254782
6862073388
6936303540
1799833862
856208904
5872007717
7807771763
7828915234
7857888997
7958130930
7312044916
8061340256
8012197208
5804484765
6686954447
7017092039
8111677535
7888436279
6978154670
8228986547
7699318093
8239622710
7041070064
7385897172
7696456206
7732925329
6275738240
8398214706
1852638038
7390142867
7869142616
7014480466
8174556987
7900350615
8275266558
7045827917
1362940560
7431803493
8735070978
7015282860
6743738177
7090036024
6265802205
152098230
261287032
7633609304
7993012386
8028080751
7576982412
6275536124
5408909718
304302396
7385026778
8127195096
8011486266
8085122010
1357738034
7174432193
8441945261
7956685210
6856344356
8281515642
8352959897
7877210231
7491547514
8195322600
8468709996
1221356678
8496612642
8022070620
7112732542
7718874384
7614425325
6936759362
8068268230
8264330210
7771697960
7667260703
1945405468
8476419466
7709616592
7771917519
7582851009
7151856840
7083791110
7445620941
7138294898
7831672504
7580431757
7679028058
6697760877
7878373089
6642308564
8139574850
7760563994
7913233412
7354765212
5559474753
8235736357
7408849135
7924458011
7587276354
8196418378
7862475894
7270129665
1849923392
7580923195
8385656915
8121782684
6604553934
8361233856
299485666
6674761188
8523280962
8118146904
8212968130
6538680138
5521065217
7371065626
6443054273
8399071625
7434230791
8428704569
7623532277
8299961553
7117134858
8462794633
8362230362
6663097646
1712994945
6247339187
7306506639
8213585065
6811440924
8368244546
966775886
7189665459
7496454192
7906485796
8443735592
6522176785
7092081705
8370490961
287902241
7870020671
7071700813
8441660565
6168490916
7825640629
7393074132
7994277719
7960811591
7267767922
7108526393
7066787533
1089645459
6921601759
8690623727
7251650889
5113302912
7158022086
8086962873
6729213751
1135825811
8323854890
6392048073
7144927234
7753638679
5999911083
7276450518
7650710640
6082550312
6594109704
6995965509
6238869657
5826322683
5219610816
7844950537
7864403098
8435026867
6890187802
8262646857
6606112649
7186885365
8209706766
5493079718
5504616381
361486431
8089286981
7157612964
7404099378
6622360716
8302764480
6755075713
6912501551
7008558715
6590854027
7712245162
7954194957
6223981503
7962434206
8017552603
1742541540
7398054045
6952759969
6968121577
6515248836
7147711180
7408122168
692098257
8326153822
7677250978
6820338100
7188740725
6451575782
926017997
5714526555
8345487879
8494438737
7675089947
6387292991
7287125888
6998668973
8353779454
7430719225
6825255354
7935896126
7337670676
7115432989
7701403756
7548153289
6603379203
7484672969
8327983005
6941201731
6177103313
7817396209
8278099239
7649409378
7866330850
7840116026
5059077385
7235493799
7683248386
6423509891
6961745319
6806303490
7331022404
7721137881
8319330375
6012659050
8461017897
7269231127
8167063606
7283680693
6759746116
8203681372
7737857795
5131644326
8175597972
6069694427
8244559704
7687965326
6283747007
5675109257
661752175
1047303040
5944004960
7590206492
7078123884
7424595699
8206581400
7850183013
7318574098
8068018786
7627017981
7799642622
8553440928
5632488163
7494056805
8040978851
7827199747
8080526004
7259156875
7395761943
6434622236
7894135200
7461613597
8296370527
8496298513
7310563801
7622693790
7251007033
7595912464
8145542517
8315297645
8049840555
7342749015
8250728739
7751537963
6773288279
7340692533
7216422701
8569512930
7072833302
6432767193
7773201473
2098710845
7673376251
7594772971
7593137464
7326732363
522857515
7850525151
6925536040
8337806489
6816034800
1964439695
8261101751
7061294140
1108935711
7414274642
5109573710
7917729103
8081599983
7688259258
6669533684
7059227801
7993257342
7254039293
1717632973
7396064916
6286983391
1829578719
8110287337
1929667531
6991855304
7843045254
7183933095
7288300695
6691583111
7188796550
1629597147
5427434986
7709528707
6759747094
8435504137
1464182566
6430530565
7449677589
8360711317
8352623411
6521506545
8452918183
7889556338
7386431615
8071669697
7004800764
8026944346
7895981358
7210566293
7786210987
8067097285
7678177606
6686429063
873632156
8092791052
238916560
7443743927
7757939546
7855564648
7673381138
7871321029
6449040442
7119715892
7805978944
726582705
5874336156
7952408698
8133976071
6860662154
6928246261
7076332387
525862633
6547365461
7183715739
7309454393
7161954032
7583577305
7073930809
6775590346
8331045981
7964036214
5843480361
7751543095
1612351264
5850487013
8117808561
7392198925
7180451334
7113044691
5431084301
8351892019
6766869058
7243711447
8170093160
7131527984
6678188006
8493057880
7928411535
7979186936
7107813476
7967602827
8016248917
8168129429
901132242
944497209
8231607288
8287647599
7092549883
7969552558
6434931471
7972787096
7560701211
494034401
8013578267
7406023283
7793028419
8153994143
6730102122
7084761424
6806722811
7179544013
6896281326
8156670879
8597135831
7745364508
8228614058
7100842558
6319080168
8253347083
502285706
6534219869
7345170965
7340632362
6237378738
595607556
8496484195
8301129693
529698129
8273874383
7162924187
7972698666
8149233103
7836424879
6836239944
8289756040
7673267057
6958302803
6672598873
7571247175
7326815576
8028156738
7843780813
7745844930
1253758968
8380703845
59628958
450386652
8053140149
5964752811
7508200238
7131521293
7695330097
950587585
7176937358
6179018532
8145477396
8451672782
5078389083
6798687690
6659714334
6707883682
7486963958
7285476079
7996474415
6076616166
8226277241
7002480741
6140462136
927181659
7426305172
6552395293
8306819681
7384510757
7565713147
7691488312
8275274872
7919099047
8304019496
7887427551
5997775968
6988285217
7531610952
7239720832
8463697700
7302211385
7355447736
8087990651
7839728400
7179222877
5874632894
7229843019
7304937008
7892241172
8677751583
8373923082
7105584826
413799538
7618818113
8467228308
7373711588
7764313472
7434747034
7969235039
7657090040
5154700932
8073992997
7385784641
7207903948
7434345323
7883004370
1838532752
8372034102
7654652581
7719729826
7805492020
7657127741
6641403649
8749031248
8384562078
6703151059
6402420097
6652516583
7745894085
7724313353
6260782370
5984759628
7153725009
8458292982
8465162667
1874627333
741016503
7943075101
7528555981
6731664420
8410914138
7440591424
6717789352
6477695564
6199809876
7893642076
7977306318
6843160909
7322987828
8275007828
7219681195
7471664160
7054662609
8002814975
7664556111
7247742925
8071520909
704451600
942907226
597704140
261595171
7393171794
5801252450
7113481365
6754811612
8202386261
1675929933
6275891295
5488651715
8157804755
7661214887
6407531961
6729119616
6262133263
7470963998
7424553513
7136359284
5862441732
7274892639
7586043047
8315464503
6687181400
8790893440
8517732017
986933265
868597659
7871932080
8026048453
6971992166
7961158937
8491404869
7578994062
5321281423
6969628193
7943496397
8194498245
8098718539
8309701786
5424766157
7066795272
1573367502
7520186355
7168982849
7917938508
300303357
8113394551
7573718204
676945947
8547696810
7586886351
6714478315
6009463577
8435172997
6615249667
7449229740
7894075287
7777499963
7344054332
6248057833
6841055788
7467835628
8244397879
7414424356
7976273792
6770922080
8384823594
974510927
6546669768
7575701353
7833373634
7004795667
5130306221
8106536412
8260210695
6799003062
7316711795
6173789673
6893447309
7550769103
8384844295
8345111283
1470570159
5392659028
6261597039
7807680250
6882500964
7791929542
8381305356
7530501614
7829501484
6467327558
7055049370
5592452217
6183539499
7507212555
6827516621
6279450004
6322434807
8481773700
7612886332
8090081902
7649682337
6894860211
7137985804
7884091403
7627605517
7103258788
7524811621
7111564356
8379209394
7558100982
8346463758
1648279021
6635561522
7784200646
8044178046
7871211568
7512381929
1750088653
7365020426
7780478982
7661626945
6865868931
7680933710
8414598819
6117411080
7326070487
8018824470
7864055318
6945142453
6671841976
5096124202
8394414400
7548490014
7486816550
7203517127
8251335940
8251423353
6591224518
8183488696
8259290612
904235984
7254212088
7378554697
8274375857
7116714842
8333921543
7724561027
7605979153
7095167126
769260598
7825769593
6281927420
7725995295
7090494832
7316531774
7465583233
8161258083
7289740144
8235036064
7111296179
8582107118
6611397076
7855718590
7887131656
7003852248
7399199006
7851755308
7371866061
8282829449
7712806207
7092027088
8258858678
8005150990
7674617385
909913138
7349390438
8098356237
8435443494
7400847185
7735597533
6674926711
7521215274
7411198359
7043737522
7091164839
7933093212
7440092442
7255933933
8283170849
8297562410
7398255172
8284028669
7377806509
1541756641
6965998176
7237480217
7625871312
7335569745
8310214964
7833378077
7542649573
8357897494
7642595846
8325626823
7144468898
6894170348
6136330681
5263002470
7774223717
7153199665
6573340484
8290895636
7956129860
7204133401
7738525850
8240346184
1752207778
8196416111
6990029040
7375666829
8439443051
7296248880
7654697586
7693264507
8586954752
464520141
6098911806
5923263306
6616118631
7673872673
7916859205
8159544686
7998420471
6766094416
8411549579
8776814943
6831725759
5978855652
7035831282
7400340007
7468409533
7936275450
8292207875
7281785007
5003209725
8368735421
8472890719
6434999806
5869504464
6673176882
7009880577
8125589137
7613544734
7301941741
7806782485
7990144760
6789388347
8274169837
7235783712
7615689193
7276249383
5865365176
1741699146
7406354976
6944198850
7264062712
7221464299
8067026655
7334922409
6638801611
6370995924
6801770392
6610548195
7915848508
8104929699
8084491318
8064742951
5849629041
7760890532
8447308997
8508130800
6966729964
7025305265
6067522120
8235889510
7626427358
7055437981
8355390434
8327208371
5226074777
6159733130
8466419844
1088437319
5727747861
8046545249
1415733297
8359397632
6830719308
6503297284
7451430044
6923338965
8179190116
6010708429
7597243205
7040116580
8288637278
8207809435
7685822621
5800318413
7828232986
8150492673
6809867707
7813299971
789691784
6307278703
7497449822
6410138819
8311991867
1064337749
6994458568
7505400753
7204935430
1572151946
6583018296
5686036206
7098314520
7283092742
8522669315
6718140213
8160686757
6382418979
6720300089
8090153783
8254541200
7320537822
7616254163
273494283
7927354930
945433590
7683979021
7812121447
7309996036
8152224988
6291357338
8451579781
7063429953
7007102548
8186699670
6691156114
8034153559
7795859507
7836476920
6569155753
6624103302
7857275748
6271451947
7409316694
7368745458
7915869923
6785444077
8455838624
5791236039
8207235755
7243412197
5383659514
8192957592
8298799746
5463809504
7428038518
7230603720
1919298816
8468610832
1868623075
7042788796
7253315021
5220254190
7939337987
7427716077
7640437031
5241311761
8459094560
5574031044
1738841617
6306602254
6697341294
7164528135
614540206
7302637271
7918368029
7888793275
7405263057
7482129397
8142415955
6752095162
7034837529
6688586584
7907402734
6894222227
7740945350
7001013620
7388119326
1724436873
7948927156
5361895155
7807779091
314400111
5841274694
8579654521
1775544742
6940317182
344658257
6361711483
6324109974
7065787514
6850323119
8509207111
6956012095
7290126185
8471733713
6374760663
8166546294
7631466597
7018802274
7530355356
7963091842
8461982676
6230871837
7227692388
7974174862
8075026449
7494014037
773177335
8147906141
8165268505
8681397226
323919823
1399701328
7200809850
6535148422
7562518379
8395082454
8500482688
8360648202
5266514107
882480885
8538051902
6863005592
1534040142
7669071059
7976713287
8284300996
8354932824
6963406109
7483853168
7580798714
2033728559
7388622292
403954791
7162686307
7273062134
8518133295
8026966834
7942876426
8381058124
8408821538
8114041144
5769952850
7820705540
7086992593
1266296844
7161734021
8163510833
8251976604
8242081408
8110528447
7247014508
8300891945
7222009469
1630557852
7216563642
6848064606
8113382297
5689801907
8056343522
6790314015
5051292895
7070673475
8441035354
7171302900
7236634886
7808280967
7814191790
8488795877
7203874475
8116492707
1284139101
8226212801
7580658742
6973743714
7778892311
7040714267
6521505081
7813583570
7003004113
8018966611
7952512953
7398233877
8058540531
7551649086
6864168206
8210069270
6088234738
7968364734
7715126797
7049832580
5965591533
6753054010
8106059024
7872067886
7834530083
8307133700
1923427463
7559496197
8411394583
6449193369
5311163395
7948531379
143211383
7357413398
5675128480
7490840636
7873537296
7236573493
7156492121
7304643195
6613132275
1243936266
7594325368
7380913405
8292287947
8464337955
6928695980
8240926680
7704121109
7079324950
8400333216
7121289393
7030662236
7222248235
6012440384
7726337273
8329206940
8214121490
8205516051
8288554869
6985973498
6719356612
7770025488
7712905865
423485280
7023977567
8676047154
6461009943
7105313165
7232786384
7271442479
5995881976
8149957903
8429038920
5171464098
7089262475
8216616473
6792908712
7117137449
350265522
8145693741
7029484069
8024144139
487059611
7611862164
7405833711
6250627490
7847478332
7238534152
210033144
7461360030
6662441804
8248399365
5696675144
6632355387
7646371651
7835775209
8257542131
8100505887
8361521479
8025705377
6664681047
7482955103
6726738026
7922080987
7343262844
7257352551
8492572673
7286730810
7833511862
7841562341
1756803867
7041096148
7588641932
1752798360
517594149
6837863931
6100818934
8001709869
8196835406
7628449037
6183939289
8093709189
7052597145
7533486720
7969540200
1806185140
8439115343
7257590592
6570967297
8363497346
7704161126
7309358546
6324444030
8131239956
6445403270
7015924554
6832245218
1283887420
7092548504
7117934001
8310381325
918276754
8256489227
6313198243
7373203240
8583346349
7057594563
5079832385
7800678053
8232339109
6609769533
7605119333
7092668075
6874875329
8484416549
7900117303
7814475896
7906388022
7651325131
8478402906
7026278067
7462585172
6706269346
7520795929
6535810436
8264221439
7386559215
8396926366
7405639130
7531075706
7052042517
5079511559
7283664730
7813908165
6637335168
5920391508
7586947651
7203044418
7696059129
8081142592
676249112
7829278662
435940761
7145869169
7073813473
7756378193
6702696329
7680201365
7242460218
7140805707
8380571150
8046204498
8484610348
7072977382
7740474508
7068418789
7545957133
7339330899
1749637910
7496546505
6235978379
7827867534
8525806225
6930459507
6740226849
8331551769
7288775494
6053698796
8417818507
8332142593
8099746467
1578260011
5888337696
7382033298
7206823611
6785180213
6586536596
7068694742
8007881767
7408689510
7773369399
8134378793
7115348616
590775354
7362722207
8468400658
1300892760
8038750904
7094460404
8143579855
7048271685
7196309011
604939715
7394374115
8273956636
1862455686
423223742
1748321155
8724860260
7683484577
7418745557
8302491938
7120830052
8260320129
7044327252
6660042072
868940109
6024183471
7247699665
8126671752
8422130914
7051366456
6060438094
7483521351
7366386590
7973825754
7501205905
7202476235
6910271424
8263704154
904898927
849165433
7052306914
6515923600
8488434278
7128432980
6462022532
372770691
6970880921
7143189016
7383510482
6206395799
6876828124
8138237807
7004919898
8497834430
231321778
8076971870
8095587323
7686827810
7653827369
7278182046
6056948816
8450926613
7692619716
7409892372
7747191346
8133335037
7386286804
1738523429
7608339560
6158893552
8786544614
8305497089
7139155405
8160812424
6548512797
6176491247
7759521555
6652836953
7893159295
6225472121
761299830
7999017109
6539027554
2080825932
5307518925
7972150745
7167410403
7977221944
1657213719
7302152260
8220787440
6151642774
1743365631
6996912523
7484150047
7931960873
6678885704
7843063454
8055072750
7170427419
1363442192
7198413635
5400323927
6638496500
8222777608
8388504238
7815567842
7139616016
5257376713
274950887
1975511634
6918051076
6641306918
8175756526
8386824157
6312676710
6561162446
7261005678
7362596609
7183410967
8171706464
7079806189
1713754341
7105335997
7015282079
7331768787
7925960070
6886765919
7404945459
8415236125
6215738109
7915990177
8280363909
6755808768
7982030415
7387443575
7126379897
7123310948
7604553849
7715996567
621674598
7366108054
7047032255
590205212
7756678832
7256865969
8211086137
7955423974
7125344659
7907822655
5718642030
7035006522
6554762157
7285655603
7688702076
7381473904
8306731519
7772556086
1301271499
7857661930
5552024428
7155404882
5571169029
7869309132
8035778638
6904204256
7446132934
8187648139
8367303905
5641899060
7909502286
8064103523
6779263583
7668108699
8103498846
6370979685
6273871088
7542466338
8735158857
7149270656
7427663681
2044990860
8099867467
206647214
8244120059
7726200525
6666460229
6181818727
7280123485
6945710063
7372132715
8040200655
7774297072
8475757133
343871615
7766329444
8358494151
7112573496
5950782701
7151224266
8350895343
6893715783
7898805619
7682603787
7659783751
7744636001
8145581074
394547173
7716693745
7941745330
2136262696
557585309
6065666212
8382638018
7884462630
7818811492
1241807141
8230741509
7752042587
7732404901
8709359702
7374346466
7881301609
7824861875
8456438490
6302101162
6606542844
6831603505
6136959117
6195216345
7087587517
7794773470
8144795827
6069127709
8099138526
6325613842
7820486343
8427891016
8408329626
7038989943
7247784061
7221797532
8445890389
7599345628
1646090453
8017346218
7046896281
8129840126
8031659037
7888551175
7558101346
6510143177
7697596125
7273629089
6891188795
7616320886
7942804500
7324952913
7188661082
7001297577
7930835473
7359027096
7922550276
8163020680
8341408844
7800085705
1006815016
7425321269
7856169005
8251374909
8221050229
7128854823
7511053661
7935475911
7554869178
7281842571
7762641630
7582471401
7462577548
7834159335
7628286919
7792196335
7899702436
8472563027
8006820870
1982654382
7679146850
1990913664
521457717
8166076309
8274922111
7301170772
860115100
8465222579
5496563246
6045573554
8222311410
5093282533
7965342937
8290872847
7454722689
1706085078
6772574752
1492028285
1036925514
7720972634
8017863607
7311494844
6911176656
7600068815
7996540149
6853566338
7428518147
6828944465
7593888619
802951412
7691074659
6538598299
7553462472
8184268821
8062885158
7263115974
7990187889
6956283677
8489270638
7810202541
7382206616
5627932295
7977061838
6463211477
7554374808
8312237327
7272833118
8329519342
8475321059
6924812292
7468109174
5153363771
8461149214
7175509065
7495401402
5625496375
7668059654
6381406881
8448132029
7355080019
7360850565
8187474403
7392056710
7214130761
684759430
6932651175
8493020056
7655954254
6332649310
6136447547
7275500292
7550298215
7173466090
7437312216
7684320014
6251810575
920956039
6052906625
7022887752
6514474528
7324589206
7195885074
7618386494
7407661843
7174695368
5315425130
6551243206
7645915476
7419686580
7125597972
7083631217
916389375
8486969502
5365553836
6663802455
2058082001
8038116562
7857956926
1556509103
7438603916
407733999
7017960273
7609125934
8079272251
6783394926
7614293665
8010576191
7745339354
7056135028
2119421688
7172239790
7678860004
8726560234
7479929363
8359148535
7840120256
6461020238
1669842217
5526884655
7152879950
6571234788
7282802693
5870820578
7464052145
5578875175
7114183796
5265944288
7808885854
6455722347
8404297210
8178328431
491413394
7799486019
977005906
7413208388
8086750889
5049960906
7744343355
5467720249
6153544129
7980593011
8168804568
7875323048
7834397091
7122771329
8309764750
456704689
8450496922
2074781959
8089140131
7047434214
946900703
7885515289
7073998174
8204906358
7903808991
7108399945
6907180959
8433590339
7954372815
999358168
1978449881
7652855802
1321131065
6389061276
8281528914
7207686812
1627000402
6177857395
8337206075
6188749367
7518674341
7296048991
7916188832
7832126404
8315831585
8307516850
8078225018
6390194940
6889359777
5120793461
8296211445
7337664281
6694374349
7174410390
7552111105
978973170
7598939049
7753306187
7553540695
7859276962
7519450888
7134707969
5188077598
6077323065
2048844877
7743184213
8290763286
213952214
8123780558
6225815603
5709944530
6370576317
7903366284
8361892972
7729641261
8490319453
7704180240
7300049832
7793154219
7935202013
7580956482
5253261886
8272087207
7486387375
6824275845
6659065102
6659403745
7424275285
7280028264
5707950801
5212300690
8254338978
5535766290
5659358440
8267263704
8264627831
8312254420
7741427581
7032226896
7828437916
6860042934
5791970790
7553501458
7422134793
7356032022
7795597820
6711949023
6469175686
7991843761
8184987189
7111873789
7166956511
8024260420
7783260777
6918442550
6427290936
8463429790
2111525282
5921427789
5538052685
7985546301
8012791352
7006582337
7801962584
5177100020
5767207893
7112968543
7907929913
6844328273
7924902017
1881772538
7278810857
6775735177
8412441072
700189679
8417791305
5884792868
7481652216
7050570423
7049265659
7547092608
7320110065
6850356871
7195543189
7430732040
8536725507
8238814887
8240922393
8138290493
7040118988
7670167068
7516922219
1970780810
7049501839
7406399131
7870220927
6290624924
7850156278
7111413138
7978186494
7842170439
6975452500
8094237698
2089378302
7073231168
791029655
2082931466
8297420620
7931573250
7992434153
8392823650
7961420951
1646269253
8404775884
8130320156
6266553847
7629330664
6575445219
7424486788
7166470748
7012014193
8347318392
418599097
8289655870
5689186789
7302600936
6480896380
7445108138
7578512289
8241600787
7348953168
6950059186
7406083282
7456025888
7073212238
7103270514
6650309200
7134697124
7331030532
2072539487
6977667949
7601043455
8474478448
8300527093
7709406842
7332769884
6471559060
8395207681
8166228836
5353269278
6753085322
7740165537
7525011693
5284193987
7458034659
8383388073
6050718571
7210275200
5914021070
5474153971
7070871177
6240583530
8030785612
1894855690
2024393391
8321134907
7875360496
8315338459
7611952745
7200092679
1158339839
8189026350
7904317416
7337252275
7741704720
8212923945
7083142104
1163434638
7122412897
7652064208
7188484221
7327477438
6120767829
7259454165
8101551355
8052003716
6546014158
8082797740
7988527436
7302733020
8387587417
6171950455
6105542185
8170286040
7116524208
6686873603
6988334101
7308417123
7277699985
7098425077
7530367629
7233087028
7263263693
8057395351
8123523828
7540880851
7217259824
7117331894
8439266668
8233535670
8380799956
6696389817
8187617681
8359432394
6174517757
5721058071
7929714248
7255889028
6999811136
8314198070
1967887431
6942013775
6591147374
6239532969
7316008424
7729796074
8347674696
6618769222
8148159901
7612108133
8387706094
1898415571
518044962
7006703512
7581873747
7770666539
7452243749
8305555682
8208912902
5819056271
7430786628
8598425241
5587587173
7045668167
7803216955
7907550119
5728901397
7403757329
7628453878
6021487334
7205988150
8073276460
5921958034
8490187718
7882531108
7253139472
8417614705
7549239338
6009818949
7616378604
1946136507
8093056341
8039937008
6377072173
5414597263
7769466936
7465063737
6987709280
7694616319
8363777992
7841502017
8140363854
7422228914
6788702676
7305557387
8392261964
5561621144
5240556855
7819285883
7107786288
7102357983
7767004966
8186868337
7071387053
8005957107
7513387860
8312151082
6944606696
7518239854
916873658
5657230820
7227082906
8211220564
1341728941
7582966382
6756757706
7432116423
7339000973
8457096146
8304196508
7055995032
8245712559
7249026481
7686407603
8059320476
6348016287
8534442473
8337879263
8473697998
7022967259
6068601472
8274903754
7144338288
8348237758
1500219182
905695830
5632246976
1468871384
8447415059
6530557224
6988809568
7632185906
7067364302
1788120259
6228559123
6866661618
8213697640
6993683920
8383913897
7979790219
7737998523
7595815111
5012954210
7288433097
8048529263
7250731063
385302503
8255289520
6252721280
8317921965
7595881159
7321591193
7147082739
7428499924
148689771
7156171380
6536196110
7267575695
7790200076
882908840
8246024994
7566789173
8249951908
1212699559
6578273645
6394825788
8482829353
7210445411
7537779265
6955333556
6591645568
7860936930
1590446916
6297918849
6472536013
8352733211
5742016554
7981399906
8148564967
7648794293
7619669645
1746809969
6267139846
8366391105
5862209689
7654141707
7072813553
7379654818
7365845716
7068848606
7434181714
7799926001
7687547516
7662792007
8280062938
7892205639
7177770030
1858569255
8270999700
7900385630
7468403938
7276641871
7537722997
8471431591
6985479789
7114453146
7824592585
7169191005
7794625381
5564634329
8292408126
7177008549
5757356415
8144956242
7503877035
7936872750
7304890957
7074425063
756492177
7644209550
8254205818
7200501694
7528253111
8254371279
6933216028
7247622049
5624512047
8465169572
7587919045
7893993853
7005944596
7935391619
7435860381
8437996576
1800904742
7738954225
7785748247
7141071073
1905702428
6956586793
8108882133
7826528181
7004366694
5433552960
6856608047
8559412506
8184759697
7354612569
7040400959
6850995547
8056141302
7941960425
7039302552
8301084493
7675488660
8459292359
7193660184
7657212793
7824294169
1852109901
8546918347
7922970895
6639760531
8369758937
8044719357
7007386025
7347149281
6702772378
5376475711
7346926300
8011187945
7385704977
7749882784
6790396667
6877400392
8325047081
8289221524
7024131813
8447085898
7501176404
7762914504
7958968932
7929337544
7170842454
7288796534
7526760773
7496583752
7159617943
7075669834
8230194424
8555805832
8209495625
8242352032
8088735786
7945372143
7477999644
8039352569
8253728496
7613858424
7489385360
7122567438
5044027358
6320329196
7328685234
6843952314
7942294510
6726238250
8444532300
6956995510
7067869857
8474349493
6425994278
7459950264
6307270684
7576375182
8094237516
7972203670
8338847781
8222698398
6938984940
7418228976
725450066
7332572026
6881345750
8300424100
7638815088
7750331698
1210894184
8075980565
7153517433
5764555114
7262003372
7209276261
8424870350
7627807920
7238882925
8374090061
7320728424
6042546484
7255185842
6672564451
8367642250
8163680274
7570128826
6028543260
8547593010
8222920487
7622960891
6935657462
6800696892
7002122446
7844851447
7472870535
7584214362
8064583570
5894353017
8077182860
454940841
8403742103
7708561744
7490395901
7391083410
7583318864
2096638618
5295263717
7536247141
8090429037
7443874465
7264584024
7681173855
8295579601
7905170196
935755117
7471338055
7535205040
8053574487
7237574673
6522444745
8438588559
7014937816
7351972649
8250911209
8248646782
7917970711
7175769064
7002219820
8355226096
7230720008
457563632
6996798873
7386306019
1816917576
7446729520
7223904719
7323545064
7058444050
456178807
6873664249
5145904635
7513366460
7120588051
6942803127
6562815591
8425273983
7162617669
7929935892
8153495460
8110386040
111915205
5988121172
7823458116
6754600405
6767834024
8360580027
8062872086
6283248216
7305896740
6112422046
6547978573
7391109857
6668703906
5637112278
8103238901
309670587
7049374876
5419545911
702754839
7211449893
7441829082
7064711523
5716440390
8303708046
8085618872
7659496792
6844236552
6553985570
7840607204
7903391065
7318691844
6664579133
7432178647
5281540443
7505142955
7321630431
7883783243
6992521865
8053168888
6378529142
167266089
6869965071
7861891723
7689088859
8040785476
6992274851
7581737601
7527170121
8494297987
8457514829
7889849046
7404841498
6892892458
6558392030
7818746844
7202661168
1073507271
7363994032
6994865993
7840434257
2125258426
7058560891
1414883001
6609334242
7633748377
7698908143
8310971724
7131597175
6726410355
7153816331
191981967
8235637548
8248193893
7294696700
7594434873
7928638570
7461012165
7578836518
791744875
7052208458
6215329383
1632192527
7365203645
7277713749
7771484645
7760279633
7813499093
6389908198
7051081170
5320272861
7993989681
7085851698
7996146754
7855481385
7474876814
7190742346
8257814183
8450027789
7386092279
8028647707
7140439409
1361995560
5218640050
7490463201
7965417766
7066742958
6300634201
7520962826
8006411823
6137938603
8466812931
8526829531
7699484469
7124693508
6919478675
7671811148
7921032991
7424044199
6372226840
5883008358
7641176558
7909592443
7110027153
6988613279
7831361169
7214568924
7465791172
8102144747
6952692220
6682776387
8242621868
7775449714
5430168256
7343927440
8095533019
8580329465
7712106074
8442068602
8186927157
8223703269
7457580612
7767280685
7911707882
8196925346
7096595753
7191601447
7159098978
7198564276
8317224021
8095852101
6072827249
7613458689
7990443838
7965932384
6835375475
7050239696
7618003165
7517317387
7707370301
6784902451
8353290209
6483416271
7520369546
8202790015
7142484586
6924349840
6888164933
8296664181
7688642177
5973336635
8200119542
7837079040
7962097160
6903910421
7646051293
8065485227
712921951
6485706374
7416932430
6954522829
7694282416
7892260625
7684865185
7478844619
7892228063
7223268738
7522065969
7551134229
7306641200
1725050581
8025724203
6951096291
7928171021
6691767499
949387679
5466390196
8063657109
7675763857
6036035983
8382264880
8103605222
6723263069
6042121640
8167190330
7996765758
8195876650
8703714268
5227214986
8317703800
8298837384
8276029110
5011982271
7591017532
8127503992
7234795383
8451673969
5034847487
7262981762
6725596735
7847888024
749833442
8454298188
7538054875
7596545564
8453428233
7877317889
7449052149
7360447374
6980341788
8463480947
7381568010
436681931
7736261202
7334898095
8433521427
7385920894
8339275951
6935753768
6393625495
8203618235
7342870768
6847840435
8471342494
1019984137
7502440799
6439411014
528416898
6750401381
8137414606
7430205196
8303552990
7183131909
7176341219
8207130277
6644608427
47743939
8110096792
7408727057
6419515023
7618493762
7294770297
7238638643
7461808726
7465111910
7676372739
6886563150
7023138204
7769101276
7718248519
8247903606
6997158484
7927599448
8587677776
8339086322
7606632698
7874875449
7217037377
7211541245
6972190087
7783634494
5127651760
7272168785
6595168757
6452811102
8058759874
8376908623
7356477872
1093497926
7195369275
7767368793
8187316123
7911632579
7578860301
922108296
7532094814
8462723464
7564422137
8131811086
8323834940
6498893945
7322949372
5279043746
7393356986
7541718173
7651156922
7593512398
8460139332
7556042849
7158084231
7975546118
8447604640
6208993530
7486505705
7936125453
7209800253
8332712580
8236717397
6834028930
7615279104
6454440625
8325032021
7471842322
7026522525
8369926579
8299419297
2078416894
6038973839
7473088133
7364374289
7848856766
8270583770
7357402022
6577264461
7136923607
7290428554
7304574363
7258558042
7945619054
7153688782
7430499690
942002521
5471322840
7562052731
6998393514
7156976153
6943304514
6438499914
8450582034
994898328
7249862515
6289138143
8024303576
7988753113
6696151434
7199885574
6809642079
8074866902
8445377736
7540147987
6702941045
7062706447
7458502744
7106455247
1202531380
7321302820
7871156467
6057805700
6465909921
7605157300
7968436250
8019861292
7316067174
6646298584
7497957008
8289907425
7961810363
7115803613
7126695223
6034441548
5727341519
512731384
8295031056
8263025646
7071163899
6885512119
6375721064
6902212686
7465129648
8433648765
1320676098
8170112060
8032986125
8496771129
7029984674
7138865721
6411900987
8240782130
7428455226
1261772267
7945616434
6834721833
6137435211
90816755
6771021815
6481914919
6802536117
7947047658
5415597731
7847944464
1755002978
6635589274
7737287864
8128311249
8347942491
7866917018
7439883553
7700745491
7185937252
5715855982
5175570599
7093095261
7868482720
8067958093
6963556745
996262601
7177863434
5853630949
7267514683
6882576810
6824928874
6121246827
7220180214
7113566376
6242407585
7208225389
7287846722
7474562126
7093346814
7984134950
7358280543
7399631189
6729870584
8205968364
7446562973
7519036397
6725204375
6996788242
8350706606
8034459437
7211821552
7305319185
7984490033
7611853200
7313365600
8459559755
6349358851
8417847560
7868254344
6495766456
8265872566
867259751
7769030385
7290379138
7200153514
7445754374
1727017354
7053499171
6610492220
7736355256
7747628745
7361237057
7698906653
8398114112
7849809548
8410060088
672054813
6140854467
5854351288
7237048883
7385693441
7975445606
7292313622
7483438547
7837370769
8468765964
7559880832
8179531713
7378957835
7174825998
5284169154
5366758677
5137272786
8065810642
6915756256
6727870583
7337950812
6811024398
6293338396
7549601464
7811700153
8125392927
6671426039
7416012464
6517284765
8188240163
8410024342
845674083
8462913974
7664271749
8622967046
899170973
7972504498
8285545905
7623139526
8148853989
7990312258
7241527237
8307630664
7744280630
7219267886
7101915993
8027289605
8279694668
6754739583
7667906804
7029562612
5337355807
7909667905
8102954368
6749787731
6999430330
5616434837
7262530352
7380961674
7457143334
6299457147
7818113871
8057757662
6884370723
8407565889
6658956627
8078152295
8174320972
8060372557
6281807742
7796618984
7255433874
7861533432
8083042655
6958724984
8372795172
5932105771
8134043768
7092153826
6393505981
5903505637
754135054
8399143346
7168294347
7083028032
6407695467
7078761397
7196454995
377343001
5865816584
6619018762
7593895995
5489787842
7993249215
1169515039
6254755234
7009913508
7093566288
6580184726
7487439513
5827030098
7116128538
1030376448
6164927472
6836254359
7782225586
5494726159
7245602920
6674147805
8005994118
7396622508
8153305029
6084599110
7527125889
6119745088
7782666560
7801296962
7188021928
8389350890
8488923136
8257177428
7599212091
7505440443
8623585914
8258407170
7345273947
5593225720
8239469567
6869332329
7445199564
7191173141
7508085232
8453236295
8210607651
6128217517
6171383208
7786851963
7830087849
5933740434
7512965586
8216619372
6580462947
7087731319
7026226642
7989825136
7515022957
6713390273
7334993392
8265669442
8094597755
8440685652
7255145671
7522714810
7572442911
6777519159
6887356751
592471241
7074353119
8390125543
6447801429
8366357853
8112427776
8327735822
8235710044
6486552955
8059563313
7828853663
7292962461
7659953202
8343651360
8309059728
8545298244
7016547433
8454990519
6137923667
7216794763
421416889
2056944871
8006860794
8367969166
7285936548
7339651204
7123169506
7807872641
7485246766
7078427821
6298419023
8340438107
1219144069
7844199718
7106528934
7561712286
7114104745
7150898944
7834723205
7666600527
5767738752
6046150067
7015716624
7735039446
7092280488
6653687806
6365412681
7507008963
7464489611
8594091301
7689904879
675046778
8158862800
6861234268
7368844024
923007983
5915620668
7043462996
5980821344
6880415390
7894899980
7941818976
6113273404
7978454710
6174250272
8057633591
7558759412
7425804133
7583120441
7393336129
7022049710
8491401362
7872325419
7714011193
6756494657
7184000179
7959676808
8401070276
7524928647
8469050010
1809119703
8391281345
8140662295
1450287019
8218877487
6588104592
7269753391
7217639379
7686109352
6043275897
7171548517
7928632990
8076855108
6882960915
5793550512
6407309317
6764026777
8131437231
7845738181
5923708902
6944246537
8082598503
1377597100
8486577939
8291169453
7142403356
6634312548
7063309421
6849681879
6322126571
7400867387
7665119432
6772570965
8568346727
7720329261
7235317905
7160289710
7550139787
8167470169
7843398068
7436193148
8481627423
5582596107
7777904849
7755463042
7082715344
7353125497
7248555331
6755883384
5747584798
7841917505
6930056761
7382551484
8183795734
8074240995
8207597112
8288092073
6317953515
6253218886
8364986919
8206978570
7082911839
7559838729
8786068110
7368948960
1703574053
7638088975
8021904638
7494465846
7750634346
7763613371
7909401252
6224453180
6264578360
7372625744
6849086555
8046025386
7994486167
1699050796
1963352259
8452597020
6427358915
8397294403
5214156361
7585932559
5494121941
7081444792
6403740070
6709607125
7875423418
7910858321
8168487273
7808730092
8253635752
7960979342
7601572245
7409456178
7285394945
7306768569
6238942696
8305463159
6997172564
1058204852
8487809527
8443633187
7604588734
8383106270
5647328518
8399558880
6602182973
6574636239
7298304368
7842713791
7861295098
7814365034
6576907198
6866142487
8275383014
7456023897
7523528156
7466661546
1990837977
6885789081
8239603034
8142520561
7766861611
7178390798
1240440300
7675990874
8395122190
7991049815
8162205430
7556770854
5800384685
7853450858
8139128522
1337644461
7778879149
1881645388
8148385832
7428400899
643636602
5449971022
7896595550
7166046098
7069838354
7340827545
6418845348
7392963154
8233079952
5992787557
7710687622
1183688341
8315169346
7992111319
5800281873
6871080054
7924476276
7853437956
7375691415
7732109031
7997926721
7680838434
7316160184
7354615373
7934149293
8098175512
6484387751
8585654873
7645175231
7072439972
7092567640
7067236243
8383808600
6486428562
7794211314
7582479493
797999052
6910896494
8267018009
1247466544
7152866428
6393989947
7641008483
7053899988
7863709204
7582906005
5904667974
8093247506
6730124726
8466863661
1159576808
7624285687
7836200415
7900850339
8415447369
7255803695
6780224881
1769793004
8541816937
7037478561
6926663668
7761299474
7633726259
6185582637
8073442206
7341814627
6256175155
8229399798
6571659883
6577197070
7394956736
7541431189
5336269901
902078029
374249622
673467787
8419915842
794632297
8147513561
7342759262
8245478098
7001162251
987218459
7887009109
6146797678
8215513100
8392286113
658426406
7130613031
1665138372
8446344268
7814000328
6395192589
8101564937
6536461499
6766547917
6579721388
6962394575
7554507238
7603303920
1521461065
6012395245
7547833350
5196480855
1057246198
803368099
7173963334
6751404837
7274565340
7594226312
8454832787
6132573227
782467905
8098174871
7229221006
7233553808
6787229347
7334340151
7988024867
6285389311
7046203835
7889253697
759510924
7661277145
7060207395
6234243292
7431619413
7570483170
6875600739
8118467499
6637986465
8138183211
7828656262
8342769558
5122250855
1886386370
8428142602
7255868981
6994330145
7320354558
7281925026
1268687925
5449370728
7696626518
6884582647
7828273191
8167137741
8309259397
99638855
7011375426
6305980528
6525088568
7184111578
7591678603
2120946631
276626631
7229031771
8186270470
8043623504
7861166576
8221645522
7808318147
8582543171
7957496360
7402865774
7771696308
7013752562
8285566026
7634396174
7665508309
6873006400
8115900119
864975569
7918010458
6605680782
6872220711
7773268204
7587046011
6534285414
7078947535
7172660099
7083529760
272651425
7356196394
7296323430
7169994465
6682575194
6559809376
7612252125
7786380774
7082782122
8163269296
5266627058
7059044665
6188376441
8385439075
6852049894
6885105514
8408736403
7318944985
7188660680
7619451548
7003157344
7956508300
8462245532
921264267
7272123404
6575895652
7662216245
7041884348
8230039732
8088628413
6525923387
5856364491
7425058731
7048709499
7093772907
7442603226
7265296083
8007781175
7184148179
5430950629
5751939209
7961349649
7659821012
7119738806
8164334327
8301931777
5954711871
8351615266
6745942330
7531521137
5805446599
8156708771
8124274223
6279800579
7540872348
8317281942
1614181423
7505265547
8418696527
6968445483
8447534163
7787655061
7481836750
8337228463
692794415
6783284557
7968405621
7750501701
6909403146
7192250952
1359962272
7135153964
7030994826
8170491472
232007375
8411851223
6978590546
8134082464
8314169341
6495471838
8212549035
7699458797
7341547185
6944436036
7554936135
7141994775
6894270083
7964880907
259943929
7450664872
7492005699
5698327696
7660174867
8425181231
6507302549
8420508472
8035116212
7326378044
7554485734
8255592765
7151991537
8075953422
8047046715
7170115806
7082606796
1761796004
7625113066
8106526899
7443192389
1805988109
8027269190
7666278423
8081995951
7677024657
6140269392
7987013959
7429760982
7201346449
7134404571
7593762627
8472181678
597880595
6789096928
7419043011
7252174985
7086099081
8517762654
7238544689
8355202134
1258912894
976867890
8424796681
6991624016
67887963
2064749864
6928421652
8217498922
7495426522
7597808684
8356326134
1434558596
7207283365
5529561408
7462289182
7921977643
7735065018
6592716143
7374841076
6809708772
8359686662
6895710468
5914023527
7152164017
8491562945
8349897500
7085164556
8240966715
6915581378
5413364381
7538998947
1198842381
6456055017
7119668353
8237686034
8118146937
7662317509
7541684346
7321406267
7254588477
7655920083
7799548349
7916229378
7864365942
453387778
8384271296
8433893161
5202626164
7526884466
7671604880
8142491032
2124754955
7090199836
7784558414
8059909126
1751303887
7849787429
7410859863
8497309883
8479582019
7898261130
8056156339
7944069411
7008797812
6487740369
183326865
7666522084
7288149311
5730033112
8390969264
6720416610
6923966730
7022765733
7014811779
7809467796
7829894362
284620057
7864551210
6991538218
6485636482
8752327006
8318659704
8310639941
6385820366
7027202010
7209011887
451293067
7856665357
7569701145
7449044416
6346374584
7685910930
6177468445
7352776556
5484039938
8097702097
7311925303
8372754046
8174793889
7711058889
7555104195
6185942228
6947601254
7395804402
7807365133
8457155549
6276386125
7287201779
7177580502
7004346289
1488747957
8425645138
1483880956
8567455698
8494158172
7978499180
7962169532
7289779849
7694935842
7058295020
6799266532
7535285215
7012114117
6480977510
6643520709
569785028
7027258849
7182001088
8467080975
7252473785
7254949190
7347762924
7486180334
7765173173
6307822157
7741304348
8072024784
6897685895
6965101535
7603824215
2048031389
7355796912
7831706773
8061582324
6778812652
8489786404
7904946624
7063920616
6023917710
5427422252
6886254882
7298096290
5919137658
6972297764
5969005497
7580399202
8081184778
7851751962
1253029317
8295058303
7387456535
7007243642
5743850950
8067149272
7179816733
6769244493
5649714461
7676582915
7165843571
524479342
7084630560
8401314324
6460802216
6827957679
1951682523
8184000918
1067248379
7230609988
6811709115
7353938198
8394952676
7238986452
6497148127
7451785050
1624850033
8256234628
7272599071
8054887198
5617268882
2138868854
5429318626
6623959805
7947254044
687127196
8245736094
7856896580
6798237836
6702960481
8552290906
8220478774
8101708791
1554293902
1516344657
7908943208
7472821627
2143349079
5789675809
8362418903
8025154614
7004850359
8238773406
8287698048
7629008880
1765722010
6387508413
6752876420
7701243516
7121502004
7692591161
551110942
7435546833
8009032407
8394079803
7418007213
7877280031
5828715322
7212273433
8498526520
7077493144
1048262115
7927589063
7468557971
7570961027
6982319446
1755160045
7032209552
6998211286
7385174574
7022057630
8073609033
6846733023
6892757285
8032985951
7444813555
7096439675
7203707779
5411401439
5269291074
6902093756
7819090068
6939936043
7011016403
7366941029
1929738666
7872244350
8228700663
7150717925
8188114489
7642522220
8234848974
7417056190
7270035879
7764753063
7351779305
7704138330
822107848
8315931161
7486452708
8479982672
7380980234
7282046642
6791199872
7918464725
8453274795
6313132759
7072723194
7447174744
5292272959
7572652427
7124742130
8756481800
8378833507
7886728357
8242976657
7280184497
5547775287
6588814656
8062426947
6459642013
6879739352
7758769605
7080350478
8468254885
7848186479
5892379972
6511193706
6442832335
7142997917
8232008232
7738994943
7499964396
7026215164
6355903094
7669703874
7222823294
1764299304
7235737010
6578928270
1017871629
5342883806
5990384808
7875798001
8451139366
7238608311
6423223145
6513754524
7612709279
1113965999
7743641636
8377228004
7331887553
6817195985
7403227138
504035257
8230294343
6981691177
6606096652
8210987489
7077555400
7881959315
6874864118
7983044149
8381468866
7003982288
7151120018
7855752309
7920135657
5621402911
7444072619
7425056616
6354222739
7475509553
7681211188
8291446684
7659077834
7730890363
7638266245
7199896421
7123329556
632256114
7893805320
23424048
7923322515
8296936829
7696293542
7203309422
8213612535
847895496
5762025641
7609649504
7568251902
7029485123
8371819628
8391770446
8354378025
7392837771
8384619289
2095548310
6482274830
7415380727
7708321521
8395114758
8416716247
6922931630
6459712881
8072913254
6844423159
7587636631
5935959742
6429213773
7186484932
6812376313
6793556284
8188225428
7430228922
6952742429
8187670355
7353184733
8306251012
8782398750
7920311595
7275524989
8285880147
6611933941
6422166971
6299271673
7068287361
8219760632
8076904736
1922489707
7485599963
6338884358
2094818710
1478945429
6915963259
8373918123
7389757453
7182727025
7121022775
6320705779
8189003637
8122007487
980111160
7566122035
7948305632
8444737624
6639224281
6543725782
8201785146
6327400583
8074989240
8123041220
7101871930
1295533637
8186527806
7115431640
663535922
7440562573
8277918563
6313614590
8455315081
1648725288
7114748707
8352127629
8414221876
7331612641
8315313920
8111657741
6989312960
6641793283
8005115823
7588388633
7987184017
7535958770
7487368861
7049551879
6893846848
8349297529
7754436930
7962791969
7249218304
7277555214
851321658
1754747830
6782046532
1006976821
1407763186
7781903513
6453056163
1446782048
6902731427
8408993678
7786290965
6981743524
297568902
8481503591
7336392468
7829638041
7731299030
8363214765
8020037756
6475585312
746548320
8049098799
6989533278
8460893459
6600456343
8361039270
8046411289
7559947579
1969247359
8472287334
8205331684
8158531991
7014076501
8279028520
7021813868
7211311989
7046609124
7461056483
8260257767
7796124844
8262771511
6714642504
7379272358
8323448860
6621384878
6533844147
7960883708
7163049745
5713543664
1041658025
7844846009
7208873614
7045889763
313718187
7596319799
7889360412
7872788770
7072371710
7118518992
8216631591
8356399448
7393261800
8110854129
7210111846
628714343
6989474654
7413945481
7713667358
8346772749
1169892215
6498244337
7575256849
8425437955
7058129366
1191470038
8220029913
7420735107
7895497331
7614539653
8097299688
8578657029
6606601324
8295980457
7212235786
5150726473
7757670833
7633740688
8492834519
7291098799
7935240014
6848250107
7194090753
7173852435
8296494648
6795725967
6015116730
7460664982
6527945034
7501585662
8491917553
7884159667
6520172753
8466961112
8122578863
6113080419
8462990148
7245351556
7850796185
976577304
7021563153
7831460741
8341471200
7270273070
1864350682
8400858260
7040709642
7241124227
7217230309
984365040
7823867340
8113127628
7902786598
6826920441
6975217214
8065758916
6246549746
920401404
7112893298
8797750618
7502892349
6076052435
5169511421
5358928742
8290897705
7732403120
1222358025
8020701163
7222213567
7237469382
6889516587
1976598994
803065027
7953032834
1852890482
7362571113
5965182072
7214105823
8293661206
1049247116
6416420363
6519890217
6985815609
8146484846
668236813
7558191869
7422241930
8045012189
7919639227
7010008708
8213344972
7311418423
7934518007
7492285555
5523022152
7441887682
8176308324
6946650837
7136029588
5616760533
5902962495
7253091365
962739667
7440119343
7569845694
6805959132
7942229229
7262364592
7711275491
7625644043
6885807298
7567282901
6126863038
7989392494
8323442456
7255135548
2015380395
6819224269
7656850599
8259156187
7250359089
7261364897
7201214262
8020956948
8075929974
8162539178
6229096581
7942503037
6761502011
7629603912
8203472245
7621560388
8054106294
7373198511
7617671412
7424895459
5917950030
7492612831
1683357024
187796612
5821069734
7160181090
7813533709
7067405669
7074628775
8350318058
7078007501
997220459
7729853087
6872349623
1857450676
7038573947
933461967
5968754586
7048808337
7955911078
7808334262
7215909270
7686672199
7773022583
7654388662
8226755660
7196575287
8196082043
7895059420
7049496473
7585935957
8248613633
7296122852
5920753969
5502017462
7133544857
6172698197
7139299904
7161524927
8333405012
8160523174
8392950354
8382029741
8499573258
6425258517
8490020476
7129900244
1965480129
7203043560
7392551925
6914281744
7343279185
6012573521
7024700734
6008760213
2041145945
6049427299
5635690356
550983845
8407626481
6818749978
7956213279
6406590097
7970981512
7030211743
8174890848
6225926130
7263022841
6462698951
7683557023
8425269002
8516800499
7719144213
7237568043
7962358239
7099174635
7254473579
8211001660
8437903793
8086402844
7196403054
7142915278
7973056873
8054316621
8526630004
8498438119
7209661574
1006288364
7950304210
8339623070
7307167606
7905899967
7471373156
7066056912
7946624167
7378213639
7177692507
8026610383
7363485809
5244601623
6351849639
5815038260
5231017972
546663374
7485609711
7782366090
8025666689
5237529093
6810957491
7363168770
7908825023
7746011980
8411370686
7508047340
6936351720
7183827847
6872289510
7595510661
7183393921
7642071073
7069344294
8119131730
1672043822
6260534216
7287000902
7360071511
8047816912
6713126941
7474897168
6410496335
8072731171
6187241098
7641944164
8274957286
8119369544
7654418870
8370230083
7133885448
7586655359
7821809341
8382160140
8129460446
7619759716
7516879638
8258671054
7220132022
7103982391
7237747301
8080234372
8577283290
7566826671
7744064379
8069357082
8171540776
6035730826
7709743627
6543005942
7217964838
8347960239
8088864965
7859015505
7773986807
7417881666
6894772751
7815493442
5721235546
7313588839
8076688630
8296225078
6583840124
6714718273
8008232049
6861683211
2130146399
8379221671
7680002112
7202727181
7935066264
8249942868
8393459741
7793590614
986592552
8531398998
7383657188
6530524782
7812166240
7954928423
7641522082
394639919
7073689902
6903933838
7936958406
7755217402
8395807328
5394770131
7896814350
6383485908
5479978016
741845772
8350012295
8261660402
7642329484
7553973068
7049321986
7647700590
7195911837
8317694880
7668119758
8185513518
7793815939
8554511603
41662831
722676762
7041247100
5992009170
6929636857
747494050
7841632917
1607808626
7329225620
8422413550
8105143326
7841275340
7390282474
8365882701
1646425270
6772645258
7863867219
2070690304
8498691571
7112886558
7875384006
6272094011
7323751001
8072918371
7013649385
6807362860
7517949329
6442407194
1290943474
7901880519
8030770833
8387941037
6888914545
6763270682
7972495865
8081301609
7667139757
7971368954
8407832979
7052929719
8104245914
8297284112
7425068495
8293485984
6788513377
6911269208
8417419226
5257818360
6321015604
8403007162
6322583843
7802094304
5258435663
6325213831
8388430077
7890986375
7551410445
8145084127
8483740281
7831766842
7823190240
7430620388
8132795540
8067996132
6801669684
8145328671
7569211948
8067302236
7032330828
7444878797
7045438295
973940313
5632864585
6935319824
7987899374
797135162
7241389359
6805679299
8427903620
6962740022
7148831701
6995789205
7766361744
8457004988
8111694013
6821501197
6884464269
7381795731
7149357695
5344124566
7675179515
5507972957
7793638798
7424222679
7317050582
7929825831
8261021162
8105774662
8355875300
6895247719
8372785303
7682505866
311593890
8602053302
7698309833
7959393258
8489525144
7164489334
8068833024
7158219330
6032132630
8350589340
7299305560
7145391989
6261039483
7916393915
7824289406
6946048765
7423657355
6748932478
5589836092
7614903018
7953606135
7803832515
7445730879
7272986742
349996894
5065971034
7345602747
7784116498
7954101794
5453889851
1047760474
7085268902
1183641990
8387530653
7202891295
7559591801
7933847483
1281337272
7557477727
8442878945
8293056145
6878567358
1959562936
6395808069
7117217270
6596481709
1047111452
8799594508
7111118287
5728734555
7055126656
8298059955
8104409384
8073925256
5755703479
8428727937
8014969048
1136732769
7279130348
7975377729
8319254098
8341979193
7060628966
5320916298
6005000688
6833636358
8084555784
8298645952
7954155803
7161704328
7465699757
8225636906
572035453
7991084047
6831543873
8341849539
7652702918
7142914974
8273222079
8211662915
7711509684
7349507121
7116547715
8190983924
6226142738
8099469621
6330620038
7005859664
7732793287
7524466394
8064379824
7326657653
6463523948
6602239175
8119875969
6511670794
6059089774
8199618513
6200310117
5319036028
5916369472
7296358353
67465863
6967869382
7119536095
7769472955
7666587077
8452365605
8419149358
604285488
8009709390
7512576595
7933396943
6348744091
7256002511
8656981475
6875849269
524472666
7662695765
6896878266
7756736970
6906914538
7972708933
5812109698
6998826465
8384865678
6337897141
8459774722
8188950052
7159306081
6913713945
8083287908
5408039901
1968188062
6076417082
6473462248
8431908508
7556401190
6878491539
7516494686
8246547390
8327852980
7482312545
7184577097
7393082184
8349541508
6369633246
6311318009
7178435856
7193257645
8463006659
368105759
6838528127
8394145487
5961341047
7605860600
7481685650
8394423187
8387379865
5163997645
2013729242
8414283748
7317387245
6837978913
7113284590
7979857760
8288114569
6316947752
7642396916
7927576840
6784423856
7934805815
7797703868
8449557893
1941252863
7176514396
1935436654
7410168563
8462508610
8578179278
8128786778
7822607865
6808805321
1809937964
7831390860
6669588093
6106410110
6526602925
5422004222
7249935599
6846731693
932713164
5858222887
8080236850
8185195586
7216205223
6373715437
7009299892
7409061230
6838538338
7221229407
7465283934
8403834100
8086100966
7673569982
8352406774
7021386284
8457450014
6278045321
6618725161
6790432767
7075373118
7641455841
6370418632
5066030156
6906105827
6858726335
7289986059
6069605623
7846989498
7778372034
7467309580
8170648604
7286404735
7438313990
7950996276
7706756766
7136031924
6746705619
660923024
7738063645
7169558453
7182687369
7483020985
7387533230
550929238
6987219010
6105959147
6242758495
5603315748
7475914171
7780616020
6582277987
6112567701
8119750487
6482357041
7278323195
7419968048
1236102277
7038059360
7161510421
7335540450
7613235026
8370466261
8485000863
7898635621
7184903799
7660149121
8002064933
5522474073
5238179745
7393425005
7629283209
6709481174
6425997663
6420214190
6175528026
6886568527
6819091622
6232809847
7425382677
8412833339
7114244873
7557755279
7623668971
7857070225
7746727304
8321541678
8424140088
8251851180
8328543866
7985550271
7061269816
7974597666
7447855956
8459243140
7556130783
1072135201
7161964690
7854873289
7909075254
7758317536
8423490068
8562444949
8200399618
7004031919
7875815542
945146518
7714838908
5986097809
5422147404
8320873470
7754331050
1684019011
7401920567
8487516987
7924644383
8091008727
7716585875
8125681902
7765085987
5597225316
7159698646
8492204517
34126586
8065223768
7133934376
7033335148
8184855752
7862854161
7675584041
8170761923
8059083409
6268371927
7770837937
8049463512
7684057718
5462769788
6567954576
7523745585
7984770890
7162349587
1789677031
7875459412
7468807039
7292058289
6639969633
7936965705
6759931234
6718058820
7234546597
7171290704
7253701925
8577981295
6075434895
7239114372
7892921829
7210645904
7244787555
6754625396
8009014629
8229248215
7918986312
7902284678
8098299050
6332094722
1282966628
7869589644
7800746782
7845798810
8212086044
7631263566
8441156169
8469308243
8371313711
5402665952
6345018236
8493627215
8013295667
6470389784
7850582469
6980077011
7577214296
8440882904
631656608
6401108465
8098980321
7894039198
7450312744
6764103136
7544048179
6938521107
7600022853
7604307867
1252750728
766453827
7623624574
6840638558
8149396823
8341786325
6748099061
7039931711
8077140711
8048021813
8222245409
7083785108
6837136005
7716892297
7463913360
8138962962
7225243079
8454733692
7766468992
8312044028
8517430440
7804404350
8003994752
6382522671
6057403464
6908689089
6046390637
6436164076
8188531728
877147383
103929477
1767529922
6895618140
7817645137
7442013933
7279197833
1077250528
7810874653
7428757252
7418137033
8487645805
7050282844
6864096237
7122527124
8278187311
7849096517
6871314215
1570219895
8422976268
7080459739
8176455691
7485838040
7006986927
7672624497
8683072892
7332624652
7468152710
8413024178
1144021125
6983762104
7346075741
7707100531
8317590296
6885482386
8048779848
7283776533
7977730180
8134372447
8392362523
917681682
7985671495
7927653935
7034415374
1182354232
6260292747
7110055730
7876385256
7704886725
8402869114
6669985073
1424552721
8477963847
7782871923
8047831085
7897695873
7030950914
1361509895
8200519081
7699943699
7665801063
5727160562
7840117265
8104508180
8177239440
6090022855
7541033327
1675102196
8486416898
8597874907
8057909880
8293013977
7373828174
8269046846
6948430369
8361504792
7036282319
7771436143
6504467400
7968602215
552916435
8051718200
7913461628
8244222548
6157232637
6113460334
8044613664
6714711854
1767631987
7663173217
913469381
6491953736
7552075759
7159524538
7571460547
6868746454
8169420334
7837993920
7621630414
7609050677
7970341821
7782586423
7185659746
8338786159
8032394918
6958322937
7800121631
7439681952
1271440013
7156619246
5452463531
2070445885
7296801469
380345383
182601089
932536440
6572226150
7296484101
7914925120
7786710791
7357970488
6748979520
2058971227
7041639294
7812212398
7541599590
6665214439
6735802352
6105774324
7140160092
8363232493
7976688937
7647826048
5806031805
5004283209
6749014235
7990955776
7755152194
5422183867
5281009647
7339168116
6325471421
5912107823
6929737733
8103921749
6806535475
6946053299
8618416193
6069244661
8277755264
7607862205
7963465411
7450876862
519919830
6788870196
6326396610
7950685748
1487877250
712629441
7497391473
8262905328
6876906857
6833860510
8002827949
6522127310
7572081557
6785077580
7853489097
6546189465
6676733754
6626092242
7078304628
6787713705
1759839056
8336320860
8558262206
7084050238
6403121273
5284485203
7037941370
6971726868
6939143016
7963424216
8004156073
8207391924
475173111
8221851492
6088339629
8292426970
7559228417
1119418987
382370457
6514585859
6741467853
7370248418
7582398940
7122099151
1688822664
7750506115
8436185201
7240957056
7050066284
7888134473
7075355911
7654618217
902395977
7142898884
8158127674
7565177303
1618224583
800588939
7514337192
7334592485
523074102
7354657569
7153244974
477738883
8165370390
8498917099
5220778591
8283389844
6410155873
8038307965
7922193372
7840728604
8544462730
7339587226
8142924168
7794015248
6373741343
1630671475
7973861287
7209800257
6979229606
7655598861
7572731804
1972984563
7867964964
6641526476
7506152871
7248457307
8348470578
6954759890
8053808617
1370299116
6621533194
8375853333
7004610041
7758671182
7174154530
8162513198
7637487267
7911150844
7070714250
8507881189
8244986284
6105795896
6079670777
7167538519
8077742915
7353281294
6616232626
7533633788
6300102340
6999358555
8018085230
8425963495
8447375861
926467592
7385529611
6425971483
7762286645
7791959921
7746753801
6839069994
7769221280
8480309219
6310375289
7053359847
6037934517
6539036680
7965322308
6425868628
8246415673
8347562671
7890719644
7161405196
7787122966
7865193903
8121484979
7901190370
6483076085
8279172284
7780078935
7244349878
7849717209
6671844533
8468415046
7688118247
7170665088
6516387664
7284319273
7519450545
7091475401
8295530810
7471550205
6953284060
6327925135
6718289816
1482382429
468180322
7715275582
7127824616
7469558876
7893459641
1244977081
8127230325
8166877144
6992233270
7439706317
7052396109
8263737678
923353565
6493957352
846358790
7671105900
1047515791
7450388049
6282812565
6053351729
7330345076
7099220706
8114361630
7238822919
6790450031
8113672368
6854090950
5575844896
6867768113
7396260341
7006714935
8174197942
8068394115
7063436243
7152228585
8062249976
252386808
7678561578
1921053333
7075455614
1095127346
7775026856
6848562858
7324717063
7184525123
7176212793
5915342243
5285929024
8169259855
7162725915
8120685949
8373361021
6386957899
1352746316
7271360531
7917349896
8061129615
6382153145
8261104363
7415067436
7327631686
7281709249
8167306699
8289710200
7473321175
862290388
7581129263
8325371820
8015420895
7469771305
7260676587
6829646796
6817214312
509376122
7506147369
6516568569
8202648200
6411959778
8255998454
6803804019
7939685220
7975567924
8066322139
6231442913
7847219190
7395757368
7190067954
7686271951
6659803455
7401635115
6849220997
679921306
8328248348
7330980529
7343928871
7262167318
7567885110
6523695625
1811781137
8030556182
5519731139
7495547379
7011453889
7231613278
8082751959
8248316494
7250799232
7472097286
7578712793
7464329259
8142386039
7094747557
8102596292
6754898610
7510974104
318526321
574411823
8104162076
7577983004
5125965822
7386081009
7039886872
8158320346
6821791795
7984022015
2120773523
1009556663
7068324864
7822907973
7648281880
6310763761
5802916059
5294312992
6976000565
7008076844
7423839543
6962527747
8029244747
2137647590
7891721444
8438590992
7518419835
8214582426
7969888728
7691531052
8009258452
6564513655
327996086
7109755583
7433189794
433168554
7425479641
1148894132
8591662326
7154307241
8236140526
618982057
7365352739
7937100977
7744076684
8060634840
1616773140
7232112587
1477668484
8344832830
1694061212
6913928455
7666374648
6594311025
7021864345
8290634516
7889362722
7743143520
1855656384
8482588103
5103830973
7218386138
7081374779
6344676660
8141930842
6403485931
7238154336
5519835484
7365000557
7019552448
6678421129
6947083566
7448513732
7612027100
7782218125
7961890444
8422294612
7690918527
7512495737
1496623384
1493620102
6977834098
6264709783
7201510554
1680043551
8276104641
7971378953
2033713928
7172307463
8113466823
7868102793
7476186761
6444349153
8159937991
7640364563
7847457279
8023618394
6343773588
6964654518
7892654613
6993720153
7307899589
6937023832
1789221645
7041255768
7480208539
7255999660
7512030360
7307720982
7962200569
7008119577
6465539688
7067548154
7435109576
7036932742
6141048425
8393038550
5864226839
7035484705
8407000310
6264350040
7963186452
7058665592
7737010941
1066748918
7026992406
8420965437
5920014945
6954694879
8302802077
281924535
6652294086
7308344887
8549130671
7761587900
8242106097
6646640608
5951458001
7248617178
8307598780
6975021442
8231481338
7371038482
5027921063
6482562704
5869368944
1137865139
8003684491
6992498349
6544825338
8230165966
8340650736
1231751391
7078403374
8357773910
8274783719
8364244426
7384322106
452232618
7103462728
6928870246
8197327783
865490299
7166865266
8030359532
7271216956
7677653002
7164021744
7826535340
7345046492
7242823109
6796901227
763473388
8197633605
7379525127
7617558353
7418032040
6119982681
8243517252
8602016525
1848815224
7266351800
8305964715
7010361690
7953792628
6590740162
7929160094
6092263948
7555407698
7185857746
7302941993
5477786458
7731324275
7061199361
8245750460
590011384
8114749895
7683007191
7327870213
7700600891
8393977078
5213965530
8282644481
6891900405
8183706920
6612938531
7818357476
7018555542
7800248222
7558176919
7295338850
8237442350
7869476392
6769863975
7443128514
371965653
7421464328
7442941021
7703355814
7284189154
1504871012
7559774854
8304037242
8294968203
7452736497
7180445518
7689650371
7114258030
7630563580
7635511477
7632753312
8430293741
1453314855
8155350202
5853624529
7406179736
7615921960
7899451489
1290305525
6742743926
6274900338
8340834918
7571532611
6382513804
7052548515
1232557599
7298666206
7714958705
7076006118
6071762457
5086211342
5197526817
5018919128
8194662799
6673967997
8349870202
7282913143
5473582885
7246550135
7529819436
1475144043
8416126722
7459196758
6840623524
7245288329
7250840088
6722016006
7261757440
6848729398
6883903580
7417709756
8308011558
7660805185
8199579486
6811787120
6382115413
5836401586
7576967432
7144253606
1994777178
7131230259
7263736518
7839442381
8526226973
7781512460
6299290923
8258197261
7227238825
7221222396
8391047455
6927879676
7983753506
7345161076
7254524615
8257045851
7463778280
7182167841
8122032716
6434370261
5358711930
8709268102
5944480458
7918876276
7446178675
7030367504
568932745
7167561174
7326926668
7121077633
7026457306
8550220809
8478643312
7760434156
8308940152
5563847220
7572658348
8369032787
7947738093
6735084928
6777549750
8034316418
93015322
7994776433
7329384102
7356105710
7714820029
484012923
6395046346
7523925155
8389774415
8279550720
2117433273
1245284733
349985284
2081837894
7425885888
607719619
973439688
7502932563
6968307738
6754307835
5658604924
1307055982
7748796625
7492307581
5744196902
7602835023
7113509480
728333023
1145714842
6581646899
2049394636
7136539560
8356384322
8548626329
6096507267
6876521251
5870854544
7713247476
8062699993
7375614077
394783840
6390262335
857003220
6715963774
1474166541
1141037828
8298192291
1095992589
8154340481
6926091460
1498511982
6622385941
8450916544
7127795269
5233446064
6982899841
7883783540
6689151412
6816304590
7374622303
7119835389
7038037021
6497466395
6768808110
7541128806
8324848078
7118093669
6786458357
7882043552
7013767244
7159244450
6449147798
7824005806
6582578856
8455696500
7615276634
5929098712
8061529221
8777737666
1103903278
704375191
6867170762
8133297670
7238026704
1790250021
8499577487
7483865205
7652740740
8315667272
8305093570
8484413438
7253287876
6909378275
8322320201
686767568
7544037891
825547028
7603647954
7462812297
6518609945
7107875177
6568694823
7438315640
6949281721
7580918065
1917691947
7154368306
8485574963
7949286828
8129437090
7794646541
7902369821
5786664310
8284521692
1120009774
7959249883
7173928807
7481270503
7550649968
8111458255
7800690743
7162703930
8214008665
7254939773
6465660181
8277746314
6967634816
7069671472
6961960974
6831931103
6198020531
7949257374
6374724412
7856511206
7270468824
6279151076
6792431233
7610516832
8455814300
7424967516
8276939928
7299044401
973234390
7542145401
7214685006
6520552515
7871938864
6798488222
5817783468
7569673831
8118799032
8472219785
7665583576
5919402882
8307456973
8444437232
8255956263
7803822022
8309325152
7220467355
7770269592
7434467850
7558434151
7567607293
6253122330
6053652533
8288810326
8417958915
7606247385
6990702155
2030801899
7799390590
7570467351
8396336539
6072583391
5050350579
6210338336
5539448590
302971826
6794108152
7645335726
768928303
8033972696
7069039504
7190983378
8275753728
7807242272
6717331160
1275220914
6725172597
7115916872
7505741972
5150511747
7477182893
7432403102
5584035582
7477006211
7658808699
7947812136
7454754244
8479146552
6358374594
6894319638
6312658634
7329559532
5950053102
5337471105
7528839699
7109724118
6694680730
7099639982
6970364408
7819483139
5822769213
6739931130
8006913603
8467056073
8444559262
7052567243
6279798169
789397171
6846437962
1470958312
7702158076
5611946057
8127546462
7056019445
7398416474
7122951889
832008028
8458761349
8066276917
6995682390
7331958152
7088381027
7255008077
8272829349
8392740699
7676374648
913977001
7763265768
8098732067
7688586943
8171829854
7964040166
6972471111
7054585917
1310930420
6731856155
6506317816
6828336198
7741860469
8499486701
8486923155
8270943390
8480000098
7678778264
8259415851
7748369474
6996636274
7724189193
6473031326
8278989384
5181021616
7098804690
7138519376
6585190631
7213985087
7086925790
5093012358
7853894269
7538816568
8037699369
6748895327
1287010862
7914517948
7778792927
7961653764
1895508682
7090757889
7597373889
7658937659
8208182958
1089381617
7784576124
365290113
6590522079
5084171982
7452394968
1757879348
939302231
8162335470
8475451883
8104072582
5569215473
430909852
6949824296
7774255621
7461929251
7493474298
6946992726
7807785871
8177968281
7367241750
8549092999
7769764772
7568801376
7166861065
8247024701
5990082348
6685617908
844784916
5580534982
7662572219
6334933148
8017970575
7896005340
7104654412
8187547155
8568949522
6258857343
7726274361
8311599879
8214736507
8471433261
7022252934
8058325506
7878507287
7577041450
8175179122
5238541751
7022709364
7741558852
8039820534
7020716824
7734345660
7108780682
7889572808
6076106767
6818789557
8380026875
7307557903
7192975947
7710731658
7758068281
7175636890
6071858657
531489847
6737913446
6083746588
7767472071
1618710536
8304555710
7468456404
5807985320
7729328774
7561564510
7458612930
697175198
7954337065
6557659928
6297150808
5107820256
5878589703
6298408163
980712168
7312438253
7853293617
6547683271
8532318694
8392183567
6225036462
7289892520
7890442978
6485443201
6523487215
6903905220
7006340707
8397152513
7240317575
6829845101
7579511179
1343574317
7869052541
7526062663
7871692770
6955563935
8552688534
7949717781
6754134975
7363953799
7005097038
8015689602
7119537125
7843251380
8165323041
889206108
5890970152
7550363041
1642166621
7824090713
7258716741
5707343447
6474282587
6950990560
5027497967
7979786978
7250852849
7496333512
8405857593
7320910539
7555440428
7151499424
7798342227
7210075961
8528183287
8070512247
7238222594
778594206
8290809135
1221789401
8444450920
8140231637
7753312653
6718956052
7318952121
7038845624
8201446456